artist_id,name,genres,popularity,followers,spotify_url
6IdtcAwaNVAggwd6sCKgTI,Zoé,"rock en español,mexican rock,mexican indie,latin alternative,latin indie,latin rock",76,6916482,https://open.spotify.com/artist/6IdtcAwaNVAggwd6sCKgTI
6XyY86QOPPrYVGvF9ch6wz,Linkin Park,"nu metal,rap metal,rock,alternative metal",90,29698741,https://open.spotify.com/artist/6XyY86QOPPrYVGvF9ch6wz
1GImnM7WYVp95431ypofy9,Caifanes,"rock en español,mexican rock,latin rock,latin alternative,rock urbano",75,4506935,https://open.spotify.com/artist/1GImnM7WYVp95431ypofy9
53XhwfbYqKCa1cC15pYq2q,Imagine Dragons,Otros,88,57041125,https://open.spotify.com/artist/53XhwfbYqKCa1cC15pYq2q
7okwEbXzyT2VffBmyQBWLz,Maná,"rock en español,latin rock,mexican rock,latin pop",79,12777648,https://open.spotify.com/artist/7okwEbXzyT2VffBmyQBWLz
7Ln80lUS6He07XvHI8qqHH,Arctic Monkeys,"indie,garage rock",88,29896680,https://open.spotify.com/artist/7Ln80lUS6He07XvHI8qqHH
2QWIScpFDNxmS6ZEMIUvgm,Julieta Venegas,"latin pop,latin rock",76,2947408,https://open.spotify.com/artist/2QWIScpFDNxmS6ZEMIUvgm
3YQKmKGau1PzlVlkL1iodx,Twenty One Pilots,Otros,85,25301841,https://open.spotify.com/artist/3YQKmKGau1PzlVlkL1iodx
1dfeR4HaWDbWqFHLkxsg1d,Queen,"classic rock,rock,glam rock",86,53681135,https://open.spotify.com/artist/1dfeR4HaWDbWqFHLkxsg1d
3WrFJ7ztbogyGnTHbHJFl2,The Beatles,"classic rock,psychedelic rock",86,29801315,https://open.spotify.com/artist/3WrFJ7ztbogyGnTHbHJFl2
1hcdI2N1023RvSwLzTtdsp,Natalia Lafourcade,"latin folk,bolero,latin indie,latin alternative",75,5064217,https://open.spotify.com/artist/1hcdI2N1023RvSwLzTtdsp
1ZdhAl62G6ZlEKqIwUAfZR,Enjambre,"mexican indie,rock en español,mexican rock,latin indie,latin rock,latin alternative",73,1770901,https://open.spotify.com/artist/1ZdhAl62G6ZlEKqIwUAfZR
3AA28KZvwAUcZuOKwyblJQ,Gorillaz,Otros,83,13225776,https://open.spotify.com/artist/3AA28KZvwAUcZuOKwyblJQ
0UWZUmn7sybxMCqrw9tGa7,Juanes,"latin pop,colombian pop,rock en español",77,5280250,https://open.spotify.com/artist/0UWZUmn7sybxMCqrw9tGa7
2aqFBHOpM9uIgBpUsdq09x,Siddhartha,"mexican indie,latin indie,latin alternative,rock en español",71,1424367,https://open.spotify.com/artist/2aqFBHOpM9uIgBpUsdq09x
4uqzzJg3ww5eH7IgGV7DMT,Bunbury,"rock en español,latin rock,mexican rock",73,2914338,https://open.spotify.com/artist/4uqzzJg3ww5eH7IgGV7DMT
4TK1gDgb7QKoPFlzRrBRgR,Los Enanitos Verdes,"rock en español,latin rock,argentine rock,mexican rock,latin alternative",75,4836300,https://open.spotify.com/artist/4TK1gDgb7QKoPFlzRrBRgR
60uh2KYYSCqAgJNxcU4DA0,Hombres G,"rock en español,latin rock,mexican rock",73,4821830,https://open.spotify.com/artist/60uh2KYYSCqAgJNxcU4DA0
4Z8W4fKeB5YxbusRsdQVPb,Radiohead,"art rock,alternative rock",86,11963968,https://open.spotify.com/artist/4Z8W4fKeB5YxbusRsdQVPb
5oYHL2SijkMY52gKIhYJNb,Elefante,"rock en español,latin rock,mexican rock,latin pop",71,2383028,https://open.spotify.com/artist/5oYHL2SijkMY52gKIhYJNb
2ye2Wgw4gimLv2eAKyk1NB,Metallica,"metal,thrash metal,rock,heavy metal,hard rock",84,30501569,https://open.spotify.com/artist/2ye2Wgw4gimLv2eAKyk1NB
77SW9BnxLY8rJ0RciFqkHh,The Neighbourhood,Otros,85,20171976,https://open.spotify.com/artist/77SW9BnxLY8rJ0RciFqkHh
4tZwfgrHOc3mvqYlEYSvVi,Daft Punk,"french house,electronic,electro",83,10606097,https://open.spotify.com/artist/4tZwfgrHOc3mvqYlEYSvVi
7An4yvF7hDYDolN4m5zKBp,Soda Stereo,"rock en español,latin rock,argentine rock,latin alternative",76,9670749,https://open.spotify.com/artist/7An4yvF7hDYDolN4m5zKBp
4ClsVDy2g7RKSSlvq8cF6d,León Larregui,"rock en español,mexican indie,latin indie,latin alternative",71,2645089,https://open.spotify.com/artist/4ClsVDy2g7RKSSlvq8cF6d
11mqrDSFRRz8g0Wb3syJj5,Panteon Rococo,"ska,mexican ska,rock en español,mexican rock,rock urbano,latin alternative",67,2908862,https://open.spotify.com/artist/11mqrDSFRRz8g0Wb3syJj5
4OiCK9NnTWhakDIG57uBUA,Inspector,"ska,mexican ska,rock en español,mexican rock,rock urbano",67,1661760,https://open.spotify.com/artist/4OiCK9NnTWhakDIG57uBUA
7plUpXSFcSJUZSiZAoXqr1,Ximena Sariñana,"latin indie,mexican indie,latin alternative",68,1592624,https://open.spotify.com/artist/7plUpXSFcSJUZSiZAoXqr1
5NNlkZBrBpOJ7C11JwVxIj,PXNDX,"rock en español,mexican rock,latin rock",69,1636815,https://open.spotify.com/artist/5NNlkZBrBpOJ7C11JwVxIj
27Owkm4TGlMqb0BqaEt3PW,Molotov,"rock en español,mexican rock,latin rock,ska,latin alternative,mexican hip hop,latin hip hop",68,2413238,https://open.spotify.com/artist/27Owkm4TGlMqb0BqaEt3PW
5BMgsAFg8rZQc3tqs5BB8G,Mecano,"rock en español,latin pop",69,2014224,https://open.spotify.com/artist/5BMgsAFg8rZQc3tqs5BB8G
3qAPxVwIQRBuz5ImPUxpZT,Heroes Del Silencio,"rock en español,latin rock,mexican rock,latin alternative",69,2840162,https://open.spotify.com/artist/3qAPxVwIQRBuz5ImPUxpZT
2z3KntXLyEF5Lvz1kpdBoA,Caloncho,"latin indie,mexican indie,latin alternative",66,893749,https://open.spotify.com/artist/2z3KntXLyEF5Lvz1kpdBoA
7FZj349hdLfD6qzXkJLuAh,La Quinta Estacion,latin pop,68,3335948,https://open.spotify.com/artist/7FZj349hdLfD6qzXkJLuAh
7CwiLiC1S8B69RMPxbDb6S,DLD,"rock en español,mexican rock,mexican indie",64,1000044,https://open.spotify.com/artist/7CwiLiC1S8B69RMPxbDb6S
5fKc00Wh60ggl0QptZ2aBx,Rigo Tovar,"grupera,cumbia,tropical music,mariachi",65,1054034,https://open.spotify.com/artist/5fKc00Wh60ggl0QptZ2aBx
2FS22haX3FYbyOsUAkuYqZ,Los Fabulosos Cadillacs,"rock en español,latin rock,ska,argentine rock,latin alternative,mexican ska",69,3315261,https://open.spotify.com/artist/2FS22haX3FYbyOsUAkuYqZ
6hQHiviB4JUWVmfykjYzcB,Camilo Séptimo,"mexican indie,latin indie,latin alternative,rock en español",64,653078,https://open.spotify.com/artist/6hQHiviB4JUWVmfykjYzcB
3QmmtMrEf7aQrsd1VtejAV,Mœnia,"rock en español,latin pop,latin alternative",64,960878,https://open.spotify.com/artist/3QmmtMrEf7aQrsd1VtejAV
0yNSzH5nZmHzeE2xn6Xshb,Calle 13,"latin hip hop,latin alternative,reggaeton",69,3008106,https://open.spotify.com/artist/0yNSzH5nZmHzeE2xn6Xshb
13wFTN72PGSUxzEHJP5Ljs,Los Caligaris,"ska,mexican ska,rock en español,argentine rock,cuarteto",65,1192741,https://open.spotify.com/artist/13wFTN72PGSUxzEHJP5Ljs
5XsWrYhwadPBjW20qYbdZg,Moderatto,"rock en español,mexican rock,latin pop",63,1045011,https://open.spotify.com/artist/5XsWrYhwadPBjW20qYbdZg
3RTAXX6KGdljBsOIupyZgT,Los Bunkers,"latin rock,rock en español,latin alternative",69,1550662,https://open.spotify.com/artist/3RTAXX6KGdljBsOIupyZgT
3HgZDevp7GspkLUAa5cKne,El Tri,"rock urbano,mexican rock,rock en español,latin rock",64,1923325,https://open.spotify.com/artist/3HgZDevp7GspkLUAa5cKne
1NiC1V6xc8OR1ERiIoCvtx,Los Angeles Negros,"bolero,grupera",64,1350745,https://open.spotify.com/artist/1NiC1V6xc8OR1ERiIoCvtx
2nrSPPSfNesng85eRV4W4m,Los Terricolas,"grupera,bolero",65,1314568,https://open.spotify.com/artist/2nrSPPSfNesng85eRV4W4m
1mux8L6xg2Cmrc7k0wQczl,Bacilos,"colombian pop,latin pop",69,1983134,https://open.spotify.com/artist/1mux8L6xg2Cmrc7k0wQczl
3HrbmsYpKjWH1lzhad7alj,Los Auténticos Decadentes,"argentine rock,latin rock,ska,rock en español,latin alternative",68,2357560,https://open.spotify.com/artist/3HrbmsYpKjWH1lzhad7alj
2MLHBMApNE5h8wIufiTPs7,Duncan Dhu,"rock en español,latin rock",65,897329,https://open.spotify.com/artist/2MLHBMApNE5h8wIufiTPs7
6Mto9KouiQx7nE2ioqkNjS,Liran' Roll,"rock urbano,mexican rock,rock en español",61,552253,https://open.spotify.com/artist/6Mto9KouiQx7nE2ioqkNjS
10JZkvi2NuyvCIuRDppggx,Gene Rockwell,Otros,25,11817,https://open.spotify.com/artist/10JZkvi2NuyvCIuRDppggx
2BTv9lh3eK1jzB1vc3tW6x,Genki Rockets,"j-dance,j-pop",22,16514,https://open.spotify.com/artist/2BTv9lh3eK1jzB1vc3tW6x
1mcTU81TzQhprhouKaTkpq,Rauw Alejandro,"reggaeton,urbano latino,trap latino,latin",92,28078773,https://open.spotify.com/artist/1mcTU81TzQhprhouKaTkpq
0EmeFodog0BfCgMzAIvKQp,Shakira,latin pop,89,37712541,https://open.spotify.com/artist/0EmeFodog0BfCgMzAIvKQp
1Xyo4u8uXC1ZmMpatF05PJ,The Weeknd,Otros,97,103738282,https://open.spotify.com/artist/1Xyo4u8uXC1ZmMpatF05PJ
06HL4z0CvFAxyc27GXpf02,Taylor Swift,Otros,98,136215058,https://open.spotify.com/artist/06HL4z0CvFAxyc27GXpf02
2nszmSgqreHSdJA3zWPyrW,Luis Miguel,"mariachi,bolero,latin pop",83,18989642,https://open.spotify.com/artist/2nszmSgqreHSdJA3zWPyrW
2LRoIwlKmHjgvigdNGBHNo,Feid,"reggaeton,urbano latino",90,17038869,https://open.spotify.com/artist/2LRoIwlKmHjgvigdNGBHNo
3TVXtAsR1Inumwj472S9r4,Drake,"rap,hip hop",98,97992577,https://open.spotify.com/artist/3TVXtAsR1Inumwj472S9r4
1r4hJ1h58CWwUQe3MxPuau,Maluma,"reggaeton,latin,urbano latino",87,36709528,https://open.spotify.com/artist/1r4hJ1h58CWwUQe3MxPuau
1HY2Jd0NmPuamShAr6KMms,Lady Gaga,"art pop,pop",94,37039752,https://open.spotify.com/artist/1HY2Jd0NmPuamShAr6KMms
0du5cEVh5yTK9QJze8zA0C,Bruno Mars,Otros,95,70879531,https://open.spotify.com/artist/0du5cEVh5yTK9QJze8zA0C
6qqNVTkY8uBg9cP3Jd7DAH,Billie Eilish,Otros,95,110728398,https://open.spotify.com/artist/6qqNVTkY8uBg9cP3Jd7DAH
66CXWjxzNUsdJxJ2JdwvnR,Ariana Grande,pop,95,104961473,https://open.spotify.com/artist/66CXWjxzNUsdJxJ2JdwvnR
1i8SpTcr7yvPOmcqrbnVXY,Ozuna,"reggaeton,trap latino,latin,urbano latino",88,38422640,https://open.spotify.com/artist/1i8SpTcr7yvPOmcqrbnVXY
33ScadVnbm2X8kkUqOkC6Z,Don Omar,"reggaeton,urbano latino",86,14489038,https://open.spotify.com/artist/33ScadVnbm2X8kkUqOkC6Z
00FQb4jTyendYWaN8pK0wa,Lana Del Rey,Otros,92,46809118,https://open.spotify.com/artist/00FQb4jTyendYWaN8pK0wa
4gzpq5DPGxSnKTe4SA8HAU,Coldplay,Otros,92,57975422,https://open.spotify.com/artist/4gzpq5DPGxSnKTe4SA8HAU
5C4PDR4LnhZTbVnKWXuDKD,Morat,"colombian pop,latin pop",83,13178356,https://open.spotify.com/artist/5C4PDR4LnhZTbVnKWXuDKD
0tmwSHipWxN12fsoLcFU3B,Manuel Turizo,"reggaeton,pop urbano,latin,colombian pop",84,14961403,https://open.spotify.com/artist/0tmwSHipWxN12fsoLcFU3B
5lwmRuXgjX8xIwlnauTZIP,Romeo Santos,"bachata,bachata pop,latin",85,25089331,https://open.spotify.com/artist/5lwmRuXgjX8xIwlnauTZIP
74KM79TiuVKeVCqs8QtB0B,Sabrina Carpenter,Otros,92,21676762,https://open.spotify.com/artist/74KM79TiuVKeVCqs8QtB0B
5B8ApeENp4bE4EE3LI8jK2,Yuridia,latin pop,77,5377604,https://open.spotify.com/artist/5B8ApeENp4bE4EE3LI8jK2
6sq1yF0OZEWA4xoXVKW1L9,Alejandro Fernández,"mariachi,ranchera,latin pop,bolero",78,8287245,https://open.spotify.com/artist/6sq1yF0OZEWA4xoXVKW1L9
5pKCCKE2ajJHZ9KAiaK11H,Rihanna,Otros,92,66672635,https://open.spotify.com/artist/5pKCCKE2ajJHZ9KAiaK11H
2MRBDr0crHWE5JwPceFncq,Juan Gabriel,"mariachi,ranchera,música mexicana,bolero",77,9840016,https://open.spotify.com/artist/2MRBDr0crHWE5JwPceFncq
7tYKF4w9nC0nq9CsPZTHyP,SZA,r&b,94,29205618,https://open.spotify.com/artist/7tYKF4w9nC0nq9CsPZTHyP
3zhijRRIZX2B6G2T7vJl9p,Mijares,latin pop,68,2402351,https://open.spotify.com/artist/3zhijRRIZX2B6G2T7vJl9p
2O3v9rCTzLhPFaGaAVgZLt,Río Roma,latin pop,68,3270896,https://open.spotify.com/artist/2O3v9rCTzLhPFaGaAVgZLt
77aLk6J8ofnVxa1eXK9jiU,Matisse,Otros,66,1137257,https://open.spotify.com/artist/77aLk6J8ofnVxa1eXK9jiU
2UFqwY8A3PLcx8pAkg9g5P,Diego Verdaguer,"mariachi,ranchera",67,1795794,https://open.spotify.com/artist/2UFqwY8A3PLcx8pAkg9g5P
7K9rdoOJSiKXoVXPlSkGKT,Paty Cantú,latin pop,65,2495126,https://open.spotify.com/artist/7K9rdoOJSiKXoVXPlSkGKT
4OgNARLQSC4yy7Dsa5cqxx,Yuri,Otros,67,2600476,https://open.spotify.com/artist/4OgNARLQSC4yy7Dsa5cqxx
0r8toju2ecKaVtItkzAnNi,Aleks Syntek,"latin pop,rock en español",66,1652487,https://open.spotify.com/artist/0r8toju2ecKaVtItkzAnNi
1FbygZnWsyUjzjTGLhWVlO,Timbiriche,latin pop,64,1829460,https://open.spotify.com/artist/1FbygZnWsyUjzjTGLhWVlO
43qxAkuKFB6fMNSeS5dO7Z,Ana Bárbara,grupera,66,1574045,https://open.spotify.com/artist/43qxAkuKFB6fMNSeS5dO7Z
6kaefrHSdAvxhhCVDFTCEL,Dulce María,latin pop,69,751092,https://open.spotify.com/artist/6kaefrHSdAvxhhCVDFTCEL
0TeVa4xdLB8vdzjsvKH6Ri,Anahí,latin pop,69,779296,https://open.spotify.com/artist/0TeVa4xdLB8vdzjsvKH6Ri
7uQ1D2NNHs5cUL3CLKRbia,LAGOS,Otros,65,193193,https://open.spotify.com/artist/7uQ1D2NNHs5cUL3CLKRbia
69BUYvpG9MbjCyIZfsFdhJ,Reyli Barba,latin pop,65,1974696,https://open.spotify.com/artist/69BUYvpG9MbjCyIZfsFdhJ
6ModsWtBph2rE6zCTVxvZt,Maite Perroni,latin pop,69,1199861,https://open.spotify.com/artist/6ModsWtBph2rE6zCTVxvZt
2Cy7KBSkqu7otJfuMTWT7Y,Camilo Sesto,bolero,69,4628798,https://open.spotify.com/artist/2Cy7KBSkqu7otJfuMTWT7Y
5RwfJb8wxN1fuodcPORVxP,José Luis Perales,"trova,bolero",69,2702217,https://open.spotify.com/artist/5RwfJb8wxN1fuodcPORVxP
7cjh6y0V9SsyCrWSXTzwOs,RBD,latin pop,69,2045450,https://open.spotify.com/artist/7cjh6y0V9SsyCrWSXTzwOs
4QFG9KrGWEbr6hNA58CAqE,Alemán,"mexican hip hop,latin hip hop,electro corridos",82,6106854,https://open.spotify.com/artist/4QFG9KrGWEbr6hNA58CAqE
2YZyLoL8N0Wb9xBt1NhZWg,Kendrick Lamar,"hip hop,west coast hip hop",97,40530773,https://open.spotify.com/artist/2YZyLoL8N0Wb9xBt1NhZWg
07PdYoE4jVRF6Ut40GgVSP,Cartel De Santa,"mexican hip hop,latin hip hop",79,18364404,https://open.spotify.com/artist/07PdYoE4jVRF6Ut40GgVSP
2IMZYfNi21MGqxopj9fWx8,Rels B,"urbano latino,trap latino",83,9347448,https://open.spotify.com/artist/2IMZYfNi21MGqxopj9fWx8
4VMYDCV2IEDYJArk749S6m,Daddy Yankee,"reggaeton,latin",88,36965039,https://open.spotify.com/artist/4VMYDCV2IEDYJArk749S6m
2hejA1Dkf8v8R0koF44FvW,Gera MX,"mexican hip hop,latin hip hop",78,5728096,https://open.spotify.com/artist/2hejA1Dkf8v8R0koF44FvW
699OTQXzgjhIYAHMy9RyPD,Playboi Carti,rage rap,94,14075224,https://open.spotify.com/artist/699OTQXzgjhIYAHMy9RyPD
4SsVbpTthjScTS7U2hmr1X,Arcángel,"reggaeton,trap latino,urbano latino",84,16853491,https://open.spotify.com/artist/4SsVbpTthjScTS7U2hmr1X
1oH2B8tcHn4Gpl2bmmyd4A,La Santa Grifa,"mexican hip hop,latin hip hop,sad sierreño",77,8022902,https://open.spotify.com/artist/1oH2B8tcHn4Gpl2bmmyd4A
7dGJo4pcD2V6oG8kP0tJRR,Eminem,"rap,hip hop",92,99900363,https://open.spotify.com/artist/7dGJo4pcD2V6oG8kP0tJRR
5K4W6rqBFWDnAN6FQUkS6x,Kanye West,rap,93,29810093,https://open.spotify.com/artist/5K4W6rqBFWDnAN6FQUkS6x
1bAftSH8umNcGZ0uyV7LMg,Duki,"argentine trap,trap,trap latino",84,12497755,https://open.spotify.com/artist/1bAftSH8umNcGZ0uyV7LMg
1RyvyyTE3xzB2ZywiAwp0i,Future,rap,93,21192445,https://open.spotify.com/artist/1RyvyyTE3xzB2ZywiAwp0i
716NhGYqD1jl2wI1Qkgq36,Bizarrap,"argentine trap,trap latino,urbano latino",81,17758951,https://open.spotify.com/artist/716NhGYqD1jl2wI1Qkgq36
4V8LLVI7PbaPR0K2TGSxFF,"Tyler, The Creator",Otros,91,21542506,https://open.spotify.com/artist/4V8LLVI7PbaPR0K2TGSxFF
4tm8CEdm4pkQsEh4jIr9Yp,Santa Fe Klan,"mexican hip hop,latin hip hop",76,9884448,https://open.spotify.com/artist/4tm8CEdm4pkQsEh4jIr9Yp
0TnOYISbd1XYRBk9myaseg,Pitbull,Otros,88,11518032,https://open.spotify.com/artist/0TnOYISbd1XYRBk9myaseg
6w3SkAHYPsQ1bxV7VDlG5y,Cazzu,"argentine trap,trap latino,turreo",79,7666402,https://open.spotify.com/artist/6w3SkAHYPsQ1bxV7VDlG5y
0rJ0xlAQI0wLRucDRoQQbO,El Makabelico,"mexican hip hop,corrido,corridos bélicos",74,4449967,https://open.spotify.com/artist/0rJ0xlAQI0wLRucDRoQQbO
1SupJlEpv7RS2tPNRaHViT,Nicky Jam,"reggaeton,latin",83,19762485,https://open.spotify.com/artist/1SupJlEpv7RS2tPNRaHViT
1qto4hHid1P71emI6Fd8xi,Aventura,"bachata,bachata pop",81,9895680,https://open.spotify.com/artist/1qto4hHid1P71emI6Fd8xi
3vQ0GE3mI0dAaxIMYe5g7z,Paulo Londra,"argentine trap,trap latino,reggaeton",78,25373438,https://open.spotify.com/artist/3vQ0GE3mI0dAaxIMYe5g7z
66RfYVdftqnuHRicyClgL0,Dharius,"mexican hip hop,latin hip hop,electro corridos",69,3107978,https://open.spotify.com/artist/66RfYVdftqnuHRicyClgL0
3TGeuw7OmACouH5JAKkX7I,MC Davo,"mexican hip hop,latin hip hop",69,2885789,https://open.spotify.com/artist/3TGeuw7OmACouH5JAKkX7I
0zgFL90nGTrH2iOMD8Vysy,Sabino,mexican hip hop,67,985407,https://open.spotify.com/artist/0zgFL90nGTrH2iOMD8Vysy
0U5RYP2HMdGv2GhicLhkOI,Neto Peña,"mexican hip hop,latin hip hop",69,1747216,https://open.spotify.com/artist/0U5RYP2HMdGv2GhicLhkOI
662f8mEv1eRLXE9DzBy4vV,Jauria Santa,mexican hip hop,67,1239158,https://open.spotify.com/artist/662f8mEv1eRLXE9DzBy4vV
1FCItwxfRieMGhR0eRxotU,Rich Vagos,"mexican hip hop,latin hip hop",63,449194,https://open.spotify.com/artist/1FCItwxfRieMGhR0eRxotU
0SmgVe3giVHaJjGmIz8xA4,Yoss Bones,"mexican hip hop,latin hip hop,latin r&b",64,539023,https://open.spotify.com/artist/0SmgVe3giVHaJjGmIz8xA4
5OGraDcSkO4oTWthkm77WL,Tornillo,"mexican hip hop,latin hip hop",66,1811272,https://open.spotify.com/artist/5OGraDcSkO4oTWthkm77WL
31l8FA2bO5qxpqf8uhV5eZ,Millonario & W. Corona,mexican hip hop,62,1577760,https://open.spotify.com/artist/31l8FA2bO5qxpqf8uhV5eZ
1rTUwYS38LkQTlT2fhikch,Yung Beef,neoperreo,69,618711,https://open.spotify.com/artist/1rTUwYS38LkQTlT2fhikch
3EmNguRllf32GJRqIKnD0C,DAAZ,mexican hip hop,61,165049,https://open.spotify.com/artist/3EmNguRllf32GJRqIKnD0C
3mYFuz6iY7D9X78rOXg5CG,Akwid,"mexican hip hop,latin hip hop",63,1591089,https://open.spotify.com/artist/3mYFuz6iY7D9X78rOXg5CG
0zfvfy9XlborSqXNRhi8Bk,Samantha Barrón,"latin r&b,mexican hip hop",61,318836,https://open.spotify.com/artist/0zfvfy9XlborSqXNRhi8Bk
7IUaYyqcGB3aU2Tm4s5JY8,Zxmyr,"mexican hip hop,latin hip hop",61,278811,https://open.spotify.com/artist/7IUaYyqcGB3aU2Tm4s5JY8
6tJRAxu0HwB2GI9GueEj4l,Faruz Feet,"mexican hip hop,latin hip hop",60,332403,https://open.spotify.com/artist/6tJRAxu0HwB2GI9GueEj4l
40FmJcZFhzbd6P9w4eXqgS,Sandro Malandro,mexican hip hop,60,358750,https://open.spotify.com/artist/40FmJcZFhzbd6P9w4eXqgS
60XHOAhvEBiV6BGBOv8ClM,La Joaqui,"rkt,turreo",69,2225493,https://open.spotify.com/artist/60XHOAhvEBiV6BGBOv8ClM
1oHPSeQJBwNmpq0J52Wjn1,Toser One,"mexican hip hop,latin hip hop",60,699220,https://open.spotify.com/artist/1oHPSeQJBwNmpq0J52Wjn1
4VsbQvC84B8Z3IsBY1HLQy,La Factoria,reggaeton,66,706549,https://open.spotify.com/artist/4VsbQvC84B8Z3IsBY1HLQy
628gUkswCfCS1hIOOHmIpK,Control Machete,"mexican hip hop,rock en español,latin hip hop,mexican rock,latin alternative",61,1462917,https://open.spotify.com/artist/628gUkswCfCS1hIOOHmIpK
6DjBv6gyR1HLsvwGUOD5V9,TREN LOKOTE,"mexican hip hop,latin hip hop",60,1951293,https://open.spotify.com/artist/6DjBv6gyR1HLsvwGUOD5V9
7npqy7rgdX2D3yfVyWExKo,Angel Y Khriz,reggaeton,66,1171832,https://open.spotify.com/artist/7npqy7rgdX2D3yfVyWExKo
2TQ4CGgxxCWHqa9yYIGDoU,Big Soto,"urbano latino,trap latino",64,1137801,https://open.spotify.com/artist/2TQ4CGgxxCWHqa9yYIGDoU
6OBGbSaBUvQtk9wpQfDbOE,Kevin Kaarl,"latin folk,mexican indie",77,8270154,https://open.spotify.com/artist/6OBGbSaBUvQtk9wpQfDbOE
2sSGPbdZJkaSE2AbcGOACx,The Marías,bedroom pop,86,2610547,https://open.spotify.com/artist/2sSGPbdZJkaSE2AbcGOACx
1b7AEdUSudOQoZF5ebUxCL,HUMBE,Otros,75,2566708,https://open.spotify.com/artist/1b7AEdUSudOQoZF5ebUxCL
7GlBOeep6PqTfFi59PTUUN,Chappell Roan,Otros,88,5988021,https://open.spotify.com/artist/7GlBOeep6PqTfFi59PTUUN
1QAJqy2dA3ihHBFIHRphZj,Cigarettes After Sex,dream pop,86,15530703,https://open.spotify.com/artist/1QAJqy2dA3ihHBFIHRphZj
3JSSjGYcIkgsrz7892CelT,Ed Maverick,"mexican indie,latin folk",72,3634649,https://open.spotify.com/artist/3JSSjGYcIkgsrz7892CelT
2FXC3k01G6Gw61bmprjgqS,Hozier,Otros,86,8704977,https://open.spotify.com/artist/2FXC3k01G6Gw61bmprjgqS
67hb7towEyKvt5Z8Bx306c,Empire Of The Sun,Otros,82,1818388,https://open.spotify.com/artist/67hb7towEyKvt5Z8Bx306c
1LMyTeRhjaitILs98h3MaF,Jósean Log,"mexican indie,latin indie",71,1154743,https://open.spotify.com/artist/1LMyTeRhjaitILs98h3MaF
0Y6dVaC9DZtPNH4591M42W,TV Girl,Otros,84,10460115,https://open.spotify.com/artist/0Y6dVaC9DZtPNH4591M42W
0lAWpj5szCSwM4rUMHYmrr,Måneskin,Otros,80,10264534,https://open.spotify.com/artist/0lAWpj5szCSwM4rUMHYmrr
6Ghvu1VvMGScGpOUJBAHNH,Deftones,"nu metal,alternative metal,rap metal,shoegaze",83,6817372,https://open.spotify.com/artist/6Ghvu1VvMGScGpOUJBAHNH
2uYWxilOVlUdk4oV9DvwqK,Mitski,Otros,83,10279228,https://open.spotify.com/artist/2uYWxilOVlUdk4oV9DvwqK
26VFTg2z8YR0cCuwLzESi2,Halsey,Otros,83,22082265,https://open.spotify.com/artist/26VFTg2z8YR0cCuwLzESi2
3Sz7ZnJQBIHsXLUSo0OQtM,Mac DeMarco,indie,82,7341354,https://open.spotify.com/artist/3Sz7ZnJQBIHsXLUSo0OQtM
2RQXRUsr4IW1f3mKyKsy4B,Noah Kahan,Otros,85,4044938,https://open.spotify.com/artist/2RQXRUsr4IW1f3mKyKsy4B
0X2BH1fck6amBIoJhDVmmJ,Ellie Goulding,Otros,82,13017492,https://open.spotify.com/artist/0X2BH1fck6amBIoJhDVmmJ
5Pb27ujIyYb33zBqVysBkj,RÜFÜS DU SOL,Otros,76,2058783,https://open.spotify.com/artist/5Pb27ujIyYb33zBqVysBkj
62nVRNDLaS8m1p31F6omGw,José Madero,mexican indie,67,520135,https://open.spotify.com/artist/62nVRNDLaS8m1p31F6omGw
51yyeVxyvecgePAWXmeLUE,"Daniel, Me Estás Matando","bolero,mexican indie,latin indie",64,490464,https://open.spotify.com/artist/51yyeVxyvecgePAWXmeLUE
5nKGeITSNCVP76muyOlszy,Elsa y Elmar,"latin indie,mexican indie,latin alternative",63,303628,https://open.spotify.com/artist/5nKGeITSNCVP76muyOlszy
2VSRhqonKsL7KRAIk8SMmt,Daniela Spalla,"latin indie,mexican indie,latin alternative",62,214454,https://open.spotify.com/artist/2VSRhqonKsL7KRAIk8SMmt
7GkhznErka8OWEHJS05Dpd,Odisseo,"mexican indie,latin indie,latin alternative,latin rock,mexican rock,rock en español",59,295604,https://open.spotify.com/artist/7GkhznErka8OWEHJS05Dpd
3ZtIhDSOuRkpDyqjx53X1R,Esteman,"latin indie,latin alternative,mexican indie",61,527645,https://open.spotify.com/artist/3ZtIhDSOuRkpDyqjx53X1R
5p1ARDx76hnOXoeigLIKit,Little Jesus,"mexican indie,latin indie,latin alternative",59,484256,https://open.spotify.com/artist/5p1ARDx76hnOXoeigLIKit
5x3mrCTZmkoTXURN7pWdGN,Los Amigos Invisibles,"rock en español,latin alternative,latin rock",60,469762,https://open.spotify.com/artist/5x3mrCTZmkoTXURN7pWdGN
2SmW1lFlBJn4IfBzBZDlSh,The Warning,Otros,64,670919,https://open.spotify.com/artist/2SmW1lFlBJn4IfBzBZDlSh
2Ky9mFKNApb9KpEcORXE3p,División Minúscula,"rock en español,mexican rock,mexican indie",58,753253,https://open.spotify.com/artist/2Ky9mFKNApb9KpEcORXE3p
3uC20p2EoNm5LYtzSVWdkL,Fey,latin pop,59,1358588,https://open.spotify.com/artist/3uC20p2EoNm5LYtzSVWdkL
0UTzLuwz9RvFOCnwAZjUxn,Bratty,"mexican indie,latin indie",60,409909,https://open.spotify.com/artist/0UTzLuwz9RvFOCnwAZjUxn
1uZVxckdGGKhFMpCnupXmP,Los Pleneros de la Cresta,Otros,67,79563,https://open.spotify.com/artist/1uZVxckdGGKhFMpCnupXmP
0MoaBi6dSquXp6rrlqlF8R,Buscabulla,latin indie,62,101554,https://open.spotify.com/artist/0MoaBi6dSquXp6rrlqlF8R
7eBQrhxTHcor6gcbcLhqE5,Porter,"mexican indie,latin indie,mexican rock,latin alternative,rock en español,latin rock",56,415949,https://open.spotify.com/artist/7eBQrhxTHcor6gcbcLhqE5
3mXI2gpwWnNO9qbQG3n3EP,Lila Downs,"trova,latin folk,latin alternative,mariachi",58,453950,https://open.spotify.com/artist/3mXI2gpwWnNO9qbQG3n3EP
0wn2qDKzeFlhjRUtJAwJjp,Bandalos Chinos,"latin indie,mexican indie,latin alternative",63,416892,https://open.spotify.com/artist/0wn2qDKzeFlhjRUtJAwJjp
3rp4f58JlRHkk8hpdLCer1,Videoclub,"french indie pop,french pop",68,681271,https://open.spotify.com/artist/3rp4f58JlRHkk8hpdLCer1
3WaJSfKnzc65VDgmj2zU8B,Interpol,"indie rock,post-punk,modern rock",64,1788834,https://open.spotify.com/artist/3WaJSfKnzc65VDgmj2zU8B
45yEuthJ9yq1rNXAOpBnqM,Polo & Pan,"french indie pop,french house",67,846603,https://open.spotify.com/artist/45yEuthJ9yq1rNXAOpBnqM
3TNt4aUIxgfy9aoaft5Jj2,Yeah Yeah Yeahs,indie rock,69,1439750,https://open.spotify.com/artist/3TNt4aUIxgfy9aoaft5Jj2
0zipD52jhXFlSyN84URtCm,Juan Cirerol,"mexican indie,latin folk,rock urbano",39,39475,https://open.spotify.com/artist/0zipD52jhXFlSyN84URtCm
3HA7l0ZFLSMYWHCVuUZjT7,Thermo,"mexican rock,mexican indie",39,37834,https://open.spotify.com/artist/3HA7l0ZFLSMYWHCVuUZjT7
3kcSMbcEv5nxio3oIF42HJ,Bengala,"mexican indie,mexican rock,rock en español,latin indie,latin alternative",38,146930,https://open.spotify.com/artist/3kcSMbcEv5nxio3oIF42HJ
2rNCZVyZwtSaTI1HGj8LFD,Madame Récamier,"mexican indie,latin indie,latin alternative",38,22428,https://open.spotify.com/artist/2rNCZVyZwtSaTI1HGj8LFD
5x0koyeJkLR4odx4gCD5lR,Austin TV,"math rock,mexican indie,mexican rock,post-rock,latin indie",38,128979,https://open.spotify.com/artist/5x0koyeJkLR4odx4gCD5lR
19JX619qYCK7xfjaTxzhai,Los Blenders,"mexican indie,latin indie",39,71015,https://open.spotify.com/artist/19JX619qYCK7xfjaTxzhai
0xg0tZofneUYpE1HQS4gOg,Los Romanticos de Zacatecas,"mexican indie,latin indie,mexican rock,rock en español,latin alternative",37,144108,https://open.spotify.com/artist/0xg0tZofneUYpE1HQS4gOg
5qUyJ52ARWXdUNECvFHBag,Adan Jodorowsky,"mexican indie,latin indie,latin alternative",39,30756,https://open.spotify.com/artist/5qUyJ52ARWXdUNECvFHBag
0Wvud7hEqI5zaI0o0iIkj2,Pato Machete,"mexican hip hop,latin hip hop,mexican indie",38,95667,https://open.spotify.com/artist/0Wvud7hEqI5zaI0o0iIkj2
6IPSnlQfZiEJxFG4oFAz7a,The Wookies,Otros,37,53071,https://open.spotify.com/artist/6IPSnlQfZiEJxFG4oFAz7a
3JmbGjGpi55FRnjvjH9ljV,KORDELYA,"latin r&b,latin indie",37,13108,https://open.spotify.com/artist/3JmbGjGpi55FRnjvjH9ljV
1Du4cMgDEKryT08bQdMqpV,Silverio,"mexican indie,mexican rock,latin alternative",36,73103,https://open.spotify.com/artist/1Du4cMgDEKryT08bQdMqpV
540vIaP2JwjQb9dm3aArA4,DJ Snake,Otros,80,9100370,https://open.spotify.com/artist/540vIaP2JwjQb9dm3aArA4
2eEmsgWmUFMbtU7agJpnjY,Miranda!,latin pop,72,2073075,https://open.spotify.com/artist/2eEmsgWmUFMbtU7agJpnjY
5n9bMYfz9qss2VOW89EVs2,Bomba Estéreo,latin alternative,73,1119965,https://open.spotify.com/artist/5n9bMYfz9qss2VOW89EVs2
348pk4o3EhKmsSahzuClSf,CA7RIEL,argentine trap,73,253107,https://open.spotify.com/artist/348pk4o3EhKmsSahzuClSf
5MraexJKZDrQYzS98kNwie,Sevdaliza,Otros,74,834801,https://open.spotify.com/artist/5MraexJKZDrQYzS98kNwie
2F9pvj94b52wGKs0OqiNi2,Babasonicos,"argentine rock,rock en español,latin rock,latin alternative",71,1649194,https://open.spotify.com/artist/2F9pvj94b52wGKs0OqiNi2
3OsRAKCvk37zwYcnzRf5XF,Moby,"downtempo,trip hop",71,1997899,https://open.spotify.com/artist/3OsRAKCvk37zwYcnzRf5XF
6FXMGgJwohJLUSr5nVlf9X,Massive Attack,"trip hop,downtempo",71,2481765,https://open.spotify.com/artist/6FXMGgJwohJLUSr5nVlf9X
1gR0gsQYfi6joyO1dlp76N,Justice,"french house,new rave,electronic rock",70,1355020,https://open.spotify.com/artist/1gR0gsQYfi6joyO1dlp76N
5CE2IfdYZEQGIDsfiRm8SI,DJ Shadow,"trip hop,downtempo",66,660916,https://open.spotify.com/artist/5CE2IfdYZEQGIDsfiRm8SI
0X380XXQSNBYuleKzav5UO,Nine Inch Nails,"industrial rock,industrial,industrial metal,electronic rock,alternative metal,nu metal",69,2876752,https://open.spotify.com/artist/0X380XXQSNBYuleKzav5UO
2CIMQHirSU0MQqyYHq0eOx,deadmau5,"edm,progressive house,dubstep",68,2857274,https://open.spotify.com/artist/2CIMQHirSU0MQqyYHq0eOx
3BkRu2TGd2I1uBxZKddfg1,ARTBAT,"melodic techno,melodic house,techno,progressive house",67,487170,https://open.spotify.com/artist/3BkRu2TGd2I1uBxZKddfg1
5tY2sa8I11tpMuhU9onQ6e,Nu,organic house,60,162059,https://open.spotify.com/artist/5tY2sa8I11tpMuhU9onQ6e
4dM6NDYSfLcspt8GLoT5aE,Hippie Sabotage,Otros,69,1039000,https://open.spotify.com/artist/4dM6NDYSfLcspt8GLoT5aE
54QMjE4toDfiCryzYWCpXX,Metronomy,"new rave,alternative dance",64,1091744,https://open.spotify.com/artist/54QMjE4toDfiCryzYWCpXX
7Eu1txygG6nJttLHbZdQOh,Four Tet,"idm,electronica",64,775376,https://open.spotify.com/artist/7Eu1txygG6nJttLHbZdQOh
1GhPHrq36VKCY3ucVaZCfo,The Chemical Brothers,"big beat,alternative dance,electronic,breakbeat",65,2185600,https://open.spotify.com/artist/1GhPHrq36VKCY3ucVaZCfo
6MoZZABXeQwEmzmcwICxwK,CLUBZ,"latin indie,mexican indie,latin alternative",53,148694,https://open.spotify.com/artist/6MoZZABXeQwEmzmcwICxwK
6liAMWkVf5LH7YR9yfFy1Y,Portishead,"trip hop,downtempo",66,2222728,https://open.spotify.com/artist/6liAMWkVf5LH7YR9yfFy1Y
7zrkALJ9ayRjzysp4QYoEg,Maribou State,Otros,69,450748,https://open.spotify.com/artist/7zrkALJ9ayRjzysp4QYoEg
7w29UYBi0qsHi5RTcv3lmA,Björk,"art pop,trip hop",65,2315276,https://open.spotify.com/artist/7w29UYBi0qsHi5RTcv3lmA
2AcUPzkVWo81vumdzeLLRN,Rhye,Otros,63,688965,https://open.spotify.com/artist/2AcUPzkVWo81vumdzeLLRN
19HFRWmRCl27kTk6LeqAO8,MORTEN,Otros,66,129859,https://open.spotify.com/artist/19HFRWmRCl27kTk6LeqAO8
6kBDZFXuLrZgHnvmPu9NsG,Aphex Twin,"idm,ambient,electronica",67,1654089,https://open.spotify.com/artist/6kBDZFXuLrZgHnvmPu9NsG
4Y7tXHSEejGu1vQ9bwDdXW,Fatboy Slim,big beat,66,1348554,https://open.spotify.com/artist/4Y7tXHSEejGu1vQ9bwDdXW
1P6U1dCeHxPui5pIrGmndZ,Air,"trip hop,downtempo",66,1078589,https://open.spotify.com/artist/1P6U1dCeHxPui5pIrGmndZ
3TaUSUXn41GixL7zbvrIDt,A-Trak,disco house,65,137366,https://open.spotify.com/artist/3TaUSUXn41GixL7zbvrIDt
5wJK4kQAkVGjqM9x46KQOC,Solomun,"melodic techno,minimal techno,techno,deep house,melodic house",63,1038069,https://open.spotify.com/artist/5wJK4kQAkVGjqM9x46KQOC
6S0GHTqz5sxK5f9HtLXn9q,Garbage,Otros,62,1284932,https://open.spotify.com/artist/6S0GHTqz5sxK5f9HtLXn9q
50Lr1puweM1hFsF1LpIZLM,WhoMadeWho,"melodic techno,melodic house,afro house",61,275132,https://open.spotify.com/artist/50Lr1puweM1hFsF1LpIZLM
0HlxL5hisLf59ETEPM3cUA,Scooter,"happy hardcore,eurodance",68,923660,https://open.spotify.com/artist/0HlxL5hisLf59ETEPM3cUA
6Q0gMZJNIebNFFaJeonc11,Holy Fuck,electronic rock,61,99053,https://open.spotify.com/artist/6Q0gMZJNIebNFFaJeonc11
7A0awCXkE1FtSU8B0qwOJQ,Jamie xx,Otros,65,917261,https://open.spotify.com/artist/7A0awCXkE1FtSU8B0qwOJQ
7a0G4CC3dZdKAAzVRnaRGu,Prayers,"darkwave,cold wave,electronic rock,post-punk",38,78774,https://open.spotify.com/artist/7a0G4CC3dZdKAAzVRnaRGu
7rAlT8ekkzP9ScdBbBkRou,Nortec Collective,"latin alternative,mexican rock",32,184519,https://open.spotify.com/artist/7rAlT8ekkzP9ScdBbBkRou
1hWh4VJXSSsQeqcxKkHqcK,Paul Marmota,neoperreo,39,5217,https://open.spotify.com/artist/1hWh4VJXSSsQeqcxKkHqcK
4ZNk4pFFvI85sdgjkFPBjI,La Goony Chonga,neoperreo,38,73658,https://open.spotify.com/artist/4ZNk4pFFvI85sdgjkFPBjI
7H7hLNfP9MzG8mt2A3s7nT,SIMONA,"neoperreo,latin indie",37,20550,https://open.spotify.com/artist/7H7hLNfP9MzG8mt2A3s7nT
0KPHupxNcc9XMQ0SSn3LKo,Dënver,"latin indie,latin alternative,electropop",38,60280,https://open.spotify.com/artist/0KPHupxNcc9XMQ0SSn3LKo
19zQevA415Jm6ThEtIwVIb,ZABO,Otros,39,40753,https://open.spotify.com/artist/19zQevA415Jm6ThEtIwVIb
4dNjJV9AjGqHzkZualfhnG,Dengue Dengue Dengue,Otros,39,97341,https://open.spotify.com/artist/4dNjJV9AjGqHzkZualfhnG
1GWIM6dszee3LCMSlkWvfG,Panoptica Orchestra,"latin alternative,mexican indie",28,28815,https://open.spotify.com/artist/1GWIM6dszee3LCMSlkWvfG
3YRLUjgMJ1xg1TIcknIxlv,Rampue,organic house,37,51084,https://open.spotify.com/artist/3YRLUjgMJ1xg1TIcknIxlv
1sHPujXeed3zTvHlpbqdtl,La Prohibida,"electropop,electroclash",34,29750,https://open.spotify.com/artist/1sHPujXeed3zTvHlpbqdtl
1h6b4y2ObngnFpgEwry7Fy,MJ Nebreda,neoperreo,37,11177,https://open.spotify.com/artist/1h6b4y2ObngnFpgEwry7Fy
6XyhP9ocGrfEqrIm6vHDYG,Carlos Herrera Music,"cedm,christian pop",34,12899,https://open.spotify.com/artist/6XyhP9ocGrfEqrIm6vHDYG
58fmi15nN6S2nqZLRRtdtc,Ilija Djokovic,"techno,melodic techno,acid techno,minimal techno",39,18534,https://open.spotify.com/artist/58fmi15nN6S2nqZLRRtdtc
1UcYY5JDPe05nqjODiVkx1,Matador,"minimal techno,techno,melodic techno,melodic house,tech house",39,82288,https://open.spotify.com/artist/1UcYY5JDPe05nqjODiVkx1
76hliHkgP5eIbVqLT7NmQ3,Juana Molina,Otros,39,124461,https://open.spotify.com/artist/76hliHkgP5eIbVqLT7NmQ3
4nZIpprPGQmOEECVZ8VDIT,Matanza,Otros,39,55531,https://open.spotify.com/artist/4nZIpprPGQmOEECVZ8VDIT
4xcn3zUUGf03kOIJueXHVp,Kasper Bjørke,Otros,38,37764,https://open.spotify.com/artist/4xcn3zUUGf03kOIJueXHVp
1Xoo1Q9XBUYXFsFRb2MFfw,Sebastian Rivero,"afro house,latin house,tribal house",39,3483,https://open.spotify.com/artist/1Xoo1Q9XBUYXFsFRb2MFfw
4ADdzb8h9qQTE8XPmSxY8r,Poncho,electropop,38,21504,https://open.spotify.com/artist/4ADdzb8h9qQTE8XPmSxY8r
7aY9PtsNws5AdwbdktfbaN,Nick Warren,"progressive house,organic house",39,109504,https://open.spotify.com/artist/7aY9PtsNws5AdwbdktfbaN
0E0FX8RYDfwseJAhwO9AK2,Tunacola,"latin indie,latin alternative,mexican indie",30,24838,https://open.spotify.com/artist/0E0FX8RYDfwseJAhwO9AK2
5cYodhg1fZFGKqCQmgNlZf,Tuğçe Kurtiş,"organic house,downtempo",39,13342,https://open.spotify.com/artist/5cYodhg1fZFGKqCQmgNlZf
3qOGTt4eTeEkCn3efhAGu2,Nick León,"neoperreo,uk funky",38,10731,https://open.spotify.com/artist/3qOGTt4eTeEkCn3efhAGu2
3AhwIUus3pIaA3CvYBEtpy,Richie Hawtin,"minimal techno,acid house,acid techno,techno,idm,dub techno",39,281872,https://open.spotify.com/artist/3AhwIUus3pIaA3CvYBEtpy
2cy1zPcrFcXAJTP0APWewL,Gente De Zona,"latin,latin dance",72,1681588,https://open.spotify.com/artist/2cy1zPcrFcXAJTP0APWewL
5a2EaR3hamoenG9rDuVn8j,Prince,funk rock,73,7676933,https://open.spotify.com/artist/5a2EaR3hamoenG9rDuVn8j
4q3ewBCX7sLwd24euuV69X,Bad Bunny,"reggaeton,trap latino,urbano latino,latin",100,94364002,https://open.spotify.com/artist/4q3ewBCX7sLwd24euuV69X
790FomKkXshlbRYZFtlgla,KAROL G,"reggaeton,latin,urbano latino",89,56248666,https://open.spotify.com/artist/790FomKkXshlbRYZFtlgla
1vyhD5VmyZ7KMfW5gqLgo5,J Balvin,"reggaeton,latin",89,38211105,https://open.spotify.com/artist/1vyhD5VmyZ7KMfW5gqLgo5
7iK8PXO48WeuP03g8YR51W,Myke Towers,"reggaeton,trap latino,urbano latino",89,19741849,https://open.spotify.com/artist/7iK8PXO48WeuP03g8YR51W
4mN0qcMxWX8oToqfDPM5yV,José José,"bolero,bacardi",80,9620274,https://open.spotify.com/artist/4mN0qcMxWX8oToqfDPM5yV
7FsRH5bw8iWpSbMX1G7xf1,Joan Sebastian,"banda,mariachi,ranchera,grupera,norteño,música mexicana",80,11788299,https://open.spotify.com/artist/7FsRH5bw8iWpSbMX1G7xf1
2R21vXR83lH98kGeO99Y66,Anuel AA,"reggaeton,trap latino,urbano latino,latin",89,41728732,https://open.spotify.com/artist/2R21vXR83lH98kGeO99Y66
0XwVARXT135rw8lyw1EeWP,Christian Nodal,"banda,ranchera,mariachi,norteño,música mexicana,grupera",81,15782046,https://open.spotify.com/artist/0XwVARXT135rw8lyw1EeWP
0Y5tJX1MQlPlqiwlOH1tJY,Travis Scott,rap,94,38264313,https://open.spotify.com/artist/0Y5tJX1MQlPlqiwlOH1tJY
3hYtANQYrE6pd2PbtEyTIy,Los Tigres Del Norte,"norteño,corrido,ranchera,banda,grupera,música mexicana,cumbia norteña,tejano",79,6911721,https://open.spotify.com/artist/3hYtANQYrE6pd2PbtEyTIy
4PPoI9LuYeFX8V674Z1R6l,Vicente Fernández,"mariachi,ranchera,música mexicana,bolero,banda,norteño",79,12301810,https://open.spotify.com/artist/4PPoI9LuYeFX8V674Z1R6l
1w76rpst0I6hGUgCR2B33C,Generación 12,"christian,worship",63,1116609,https://open.spotify.com/artist/1w76rpst0I6hGUgCR2B33C
1fqHLAKthJsVYcukjFrroK,El General,merengue,54,171948,https://open.spotify.com/artist/1fqHLAKthJsVYcukjFrroK
1S42hRZZoQPVtKn3VT8XhL,Generacion De Jesus,"pentecostal,christian",43,39156,https://open.spotify.com/artist/1S42hRZZoQPVtKn3VT8XhL
7jfaTHsGjDNbLdpdJI29TK,Generación 12 Kids,"children's music,lullaby",43,52653,https://open.spotify.com/artist/7jfaTHsGjDNbLdpdJI29TK
4CKIGHCZRzNoiNDSaW5eaq,Midnight Generation,"mexican indie,nu disco",54,91611,https://open.spotify.com/artist/4CKIGHCZRzNoiNDSaW5eaq
0Sadg1vgvaPqGTOjxu0N6c,Girls' Generation,k-pop,65,2725910,https://open.spotify.com/artist/0Sadg1vgvaPqGTOjxu0N6c
1inWec2E2UgfzMAhwjgTXe,Generation X,Otros,50,142168,https://open.spotify.com/artist/1inWec2E2UgfzMAhwjgTXe
4HfuyMMy295oBvbIuXr0v8,GENERATIONS from EXILE TRIBE,"j-pop,anime",53,691814,https://open.spotify.com/artist/4HfuyMMy295oBvbIuXr0v8
57MtJQ6Sc4tIxrXIhrqVJL,Generationals,Otros,50,155386,https://open.spotify.com/artist/57MtJQ6Sc4tIxrXIhrqVJL
6gctG6ZKtB0kbGolqccLSS,General Soundbwoy,reggae,48,10056,https://open.spotify.com/artist/6gctG6ZKtB0kbGolqccLSS
2bHgAaZ7qbGbMMXwAQm48I,General Levy,"jungle,ragga,drum and bass",51,90851,https://open.spotify.com/artist/2bHgAaZ7qbGbMMXwAQm48I
338mC0yGyX0C9of8QMJ5hK,Gene Ammons,"jazz,hard bop,soul jazz,bebop,acid jazz,cool jazz",47,50157,https://open.spotify.com/artist/338mC0yGyX0C9of8QMJ5hK
5iUzoJfVuTECa0aM3nCCCh,Gene Hart Trio,jazz,47,696,https://open.spotify.com/artist/5iUzoJfVuTECa0aM3nCCCh
0MK8l3nURwwQIjafvXoJJt,ASIAN KUNG-FU GENERATION,"j-rock,anime,j-pop",62,1110080,https://open.spotify.com/artist/0MK8l3nURwwQIjafvXoJJt
5ixB75BQR3ADoWQkcHQJTs,Gene Autry,christmas,47,80255,https://open.spotify.com/artist/5ixB75BQR3ADoWQkcHQJTs
3yxxiR793umYevxROWGMqv,La Nueva Generación,vallenato,55,29171,https://open.spotify.com/artist/3yxxiR793umYevxROWGMqv
1mhlGWeiNrWnhJJc2EufYk,Gene Kelly,musicals,45,108791,https://open.spotify.com/artist/1mhlGWeiNrWnhJJc2EufYk
5VAHm7V5mnsxvQrWw3KHmx,Gene Vincent,"rockabilly,rock and roll,doo-wop",43,144814,https://open.spotify.com/artist/5VAHm7V5mnsxvQrWw3KHmx
6sFdMSiLz7JDaGDIoW7YeP,generic,Otros,42,246,https://open.spotify.com/artist/6sFdMSiLz7JDaGDIoW7YeP
3VQfHuqrRK1CNXR1V8PeR9,Gene Watson,"traditional country,christian country,honky tonk",47,90443,https://open.spotify.com/artist/3VQfHuqrRK1CNXR1V8PeR9
52uMkSFt2RVO6XxTEt5VeW,Gene Chandler,"doo-wop,northern soul",43,90360,https://open.spotify.com/artist/52uMkSFt2RVO6XxTEt5VeW
5oud9gmLpNuZfvGs74Dy5n,Generalen,russelåter,47,1002,https://open.spotify.com/artist/5oud9gmLpNuZfvGs74Dy5n
3ap1NzHNV9QA1x1V6z3gSe,Gene Pitney,Otros,45,250720,https://open.spotify.com/artist/3ap1NzHNV9QA1x1V6z3gSe
5lCqW8vcd4TyTHzGIuKdH8,Sui Generis,"argentine rock,latin rock,trova,nueva trova,rock en español",54,689647,https://open.spotify.com/artist/5lCqW8vcd4TyTHzGIuKdH8
1NdpjvRYsY6cwAVX9YWzAB,Genie High,"j-pop,j-rock,japanese indie",45,170437,https://open.spotify.com/artist/1NdpjvRYsY6cwAVX9YWzAB
0EFNcc6Ju1d2Ik5i1jHrCd,Generacion 2000,grupera,36,31746,https://open.spotify.com/artist/0EFNcc6Ju1d2Ik5i1jHrCd
0IgbQdvXk0xtBnTTYkHpRd,Genery Boy,"guaracha,tribal house,electronica",36,631,https://open.spotify.com/artist/0IgbQdvXk0xtBnTTYkHpRd
6BbZzab6fVZzep3FvLjLUt,Gente Del Rancho,"corrido,sierreño,corridos bélicos",28,113052,https://open.spotify.com/artist/6BbZzab6fVZzep3FvLjLUt
4Egyhh5C7MvfJaWXFx1qc4,Gene Loves Jezebel,"new wave,deathrock,post-punk,darkwave,synthpop",39,104924,https://open.spotify.com/artist/4Egyhh5C7MvfJaWXFx1qc4
14PGhw01AQXhvJEdPD80Nl,Generasion,christian rock,30,14615,https://open.spotify.com/artist/14PGhw01AQXhvJEdPD80Nl
49qOEODA3n8HiVUY4uwJbU,Gene Farris,"tech house,chicago house",38,20312,https://open.spotify.com/artist/49qOEODA3n8HiVUY4uwJbU
1WoQDlJJ6xAsBaJSRSYx9o,Generation.,lounge,38,134,https://open.spotify.com/artist/1WoQDlJJ6xAsBaJSRSYx9o
4mviM2J8Dy8kE2RgEGqu6l,Generacion Suicida,punk,32,24462,https://open.spotify.com/artist/4mviM2J8Dy8kE2RgEGqu6l
4neskupPLaf7ylqGRW8GpQ,Gentle Resonance,Otros,39,166,https://open.spotify.com/artist/4neskupPLaf7ylqGRW8GpQ
48mdtXxq3XIlM4PWUQTcWp,Gente Loca,mexican hip hop,21,5251,https://open.spotify.com/artist/48mdtXxq3XIlM4PWUQTcWp
1KYA9tk1iUyyaU523Wy8bc,Gene Miller,Otros,38,1213,https://open.spotify.com/artist/1KYA9tk1iUyyaU523Wy8bc
7HZokAjDop6Gjgtghfr8lp,Gene Harris,"jazz funk,soul jazz,acid jazz",39,27844,https://open.spotify.com/artist/7HZokAjDop6Gjgtghfr8lp
3RiUioZTS0xilpGDvR3Kfc,Gente Brutal,"corridos bélicos,hyphy,corrido",25,1509,https://open.spotify.com/artist/3RiUioZTS0xilpGDvR3Kfc
6I7tqjEzznFPrardDfvsvq,Gene McDaniels,"doo-wop,northern soul",35,6283,https://open.spotify.com/artist/6I7tqjEzznFPrardDfvsvq
0P3oSqMzUCzpYjMA4gCfGZ,Generación Emergente,Otros,20,269,https://open.spotify.com/artist/0P3oSqMzUCzpYjMA4gCfGZ
5hapHjhxu0KGpkjz8GGGoO,Generdyn,Otros,38,9823,https://open.spotify.com/artist/5hapHjhxu0KGpkjz8GGGoO
0cmkywqXv8nolEIn8ppzgO,Gentle Rain Makers,Otros,37,544,https://open.spotify.com/artist/0cmkywqXv8nolEIn8ppzgO
040Bv6cZTRh30LyyYVXgJX,Gene Clark,"country rock,baroque pop,folk rock,americana",38,57545,https://open.spotify.com/artist/040Bv6cZTRh30LyyYVXgJX
2eIkIIArGbSEVLzC0rHxGV,Gene Deer,"blues,jazz blues",33,5246,https://open.spotify.com/artist/2eIkIIArGbSEVLzC0rHxGV
4qLhrT13m16U2o8PLBjVZD,General Muzka,"traditional music,kuduro",39,31135,https://open.spotify.com/artist/4qLhrT13m16U2o8PLBjVZD
2YODXXiVE8ABc0TfihLOFj,Gene Krupa,"big band,swing music,jazz",36,50278,https://open.spotify.com/artist/2YODXXiVE8ABc0TfihLOFj
5Q5vXNZTdgrnne8JCs95S7,Gente del Patrón,corridos bélicos,18,507,https://open.spotify.com/artist/5Q5vXNZTdgrnne8JCs95S7
0tk9OWliRGyjkj9eLH6siU,Gene Wilder,Otros,37,6575,https://open.spotify.com/artist/0tk9OWliRGyjkj9eLH6siU
6gnfbwhYZrnjCttLrb3Hdt,Alta Generación,"banda,sierreño",32,2733,https://open.spotify.com/artist/6gnfbwhYZrnjCttLrb3Hdt
5xXSrTidFvVRJmiam2Zh1o,GENER8ION,Otros,36,10317,https://open.spotify.com/artist/5xXSrTidFvVRJmiam2Zh1o
3Nrfpe0tUJi4K4DXYWgMUX,BTS,k-pop,88,78692125,https://open.spotify.com/artist/3Nrfpe0tUJi4K4DXYWgMUX
250b0Wlc5Vk0CoUsaCY84M,JENNIE,k-pop,89,9954157,https://open.spotify.com/artist/250b0Wlc5Vk0CoUsaCY84M
2dIgFjalVxs4ThymZ67YCE,Stray Kids,k-pop,86,18840355,https://open.spotify.com/artist/2dIgFjalVxs4ThymZ67YCE
0b1sIQumIAsNbqAoIClSpy,j-hope,"k-pop,k-rap",82,18394564,https://open.spotify.com/artist/0b1sIQumIAsNbqAoIClSpy
3eVa5w3URK5duf6eyVDbu9,ROSÉ,k-pop,85,11099940,https://open.spotify.com/artist/3eVa5w3URK5duf6eyVDbu9
1oSPZhvZMIrWW5I41kPkkY,Jimin,k-pop,83,10097709,https://open.spotify.com/artist/1oSPZhvZMIrWW5I41kPkkY
6HaGTQPmzraVmaVxvz6EUc,Jung Kook,k-pop,83,17488398,https://open.spotify.com/artist/6HaGTQPmzraVmaVxvz6EUc
5L1lO4eRHmJ7a0Q6csE5cT,LISA,k-pop,83,11512771,https://open.spotify.com/artist/5L1lO4eRHmJ7a0Q6csE5cT
7n2Ycct7Beij7Dj7meI4X0,TWICE,k-pop,80,21726197,https://open.spotify.com/artist/7n2Ycct7Beij7Dj7meI4X0
41MozSoPIsD1dJM0CLPjZF,BLACKPINK,k-pop,80,53611843,https://open.spotify.com/artist/41MozSoPIsD1dJM0CLPjZF
5t5FqBwTcgKTaWmfEbwQY9,ENHYPEN,k-pop,81,11512916,https://open.spotify.com/artist/5t5FqBwTcgKTaWmfEbwQY9
4SpbR6yFEvexJuaBpgAU5p,LE SSERAFIM,k-pop,82,6982183,https://open.spotify.com/artist/4SpbR6yFEvexJuaBpgAU5p
5vV3bFXnN6D6N3Nj4xRvaV,Jin,k-pop,78,8913230,https://open.spotify.com/artist/5vV3bFXnN6D6N3Nj4xRvaV
0ghlgldX5Dd6720Q3qFyQB,TOMORROW X TOGETHER,k-pop,78,11310501,https://open.spotify.com/artist/0ghlgldX5Dd6720Q3qFyQB
6HvZYsbFfjnjFrWF950C9d,NewJeans,k-pop,79,10626656,https://open.spotify.com/artist/6HvZYsbFfjnjFrWF950C9d
2LIk90788K0zvyj2JJVwkJ,Jack Harlow,Otros,81,4175216,https://open.spotify.com/artist/2LIk90788K0zvyj2JJVwkJ
7nqOGRxlXj7N2JYbgNEjYH,SEVENTEEN,k-pop,80,13054853,https://open.spotify.com/artist/7nqOGRxlXj7N2JYbgNEjYH
6YVMFz59CuY7ngCxTxjpxE,aespa,k-pop,80,8458645,https://open.spotify.com/artist/6YVMFz59CuY7ngCxTxjpxE
5069JTmv5ZDyPeZaCCXiCg,wave to earth,Otros,76,4316585,https://open.spotify.com/artist/5069JTmv5ZDyPeZaCCXiCg
1SIocsqdEefUTE6XKGUiVS,BABYMONSTER,k-pop,77,4378515,https://open.spotify.com/artist/1SIocsqdEefUTE6XKGUiVS
68KmkJeZGfwe1OUaivBa2L,ATEEZ,k-pop,75,4776348,https://open.spotify.com/artist/68KmkJeZGfwe1OUaivBa2L
6UZ0ba50XreR4TM8u322gs,JISOO,k-pop,73,5788855,https://open.spotify.com/artist/6UZ0ba50XreR4TM8u322gs
5VVN3xZw1i2qihfITZlvCZ,G. V. Prakash,"tamil pop,kollywood,tamil dance,tamil hip hop,tollywood",79,14355368,https://open.spotify.com/artist/5VVN3xZw1i2qihfITZlvCZ
6RHTUrRF63xao58xh9FXYJ,IVE,k-pop,75,5506107,https://open.spotify.com/artist/6RHTUrRF63xao58xh9FXYJ
36cgvBn0aadzOijnjjwqMN,ILLIT,k-pop,75,2625199,https://open.spotify.com/artist/36cgvBn0aadzOijnjjwqMN
2KC9Qb60EaY0kW4eH68vr3,ITZY,k-pop,69,8388297,https://open.spotify.com/artist/2KC9Qb60EaY0kW4eH68vr3
7cVZApDoQZpS447nHTsNqu,LeeHi,"k-ballad,k-pop",68,2039061,https://open.spotify.com/artist/7cVZApDoQZpS447nHTsNqu
7f4ignuCJhLXfZ9giKT7rH,NCT 127,k-pop,69,7637482,https://open.spotify.com/artist/7f4ignuCJhLXfZ9giKT7rH
6nfDaffa50mKtEOwR8g4df,GOT7,k-pop,68,6656542,https://open.spotify.com/artist/6nfDaffa50mKtEOwR8g4df
1kfWoWgCugPkyxQP8lkRlY,Jackson Wang,k-pop,66,4244419,https://open.spotify.com/artist/1kfWoWgCugPkyxQP8lkRlY
4GJ6xDCF5jaUqD6avOuQT6,FIFTY FIFTY,k-pop,67,1879369,https://open.spotify.com/artist/4GJ6xDCF5jaUqD6avOuQT6
3c0gDdb9lhnHGFtP4prQpn,KATSEYE,k-pop,68,1358299,https://open.spotify.com/artist/3c0gDdb9lhnHGFtP4prQpn
5na1LmEmK2VzNLje9snJYW,The Rose,"k-rock,k-pop",63,2769838,https://open.spotify.com/artist/5na1LmEmK2VzNLje9snJYW
3KonOYiLsU53m4yT7gNotP,TREASURE,k-pop,69,3642016,https://open.spotify.com/artist/3KonOYiLsU53m4yT7gNotP
6UbmqUEgjLA6jAcXwbM1Z9,BIBI,"k-pop,k-rap",65,1723447,https://open.spotify.com/artist/6UbmqUEgjLA6jAcXwbM1Z9
1VwDG9aBflQupaFNjUru9A,NAYEON,k-pop,65,2920876,https://open.spotify.com/artist/1VwDG9aBflQupaFNjUru9A
70DFixYAFPv4Pf9kgSfR9O,MARK,k-pop,68,938739,https://open.spotify.com/artist/70DFixYAFPv4Pf9kgSfR9O
0ebNdVaOfp6N0oZ1guIxM8,SUGA,k-pop,63,5554490,https://open.spotify.com/artist/0ebNdVaOfp6N0oZ1guIxM8
6iVo62B0bdTknRcrktCmak,KAI,k-pop,65,1638542,https://open.spotify.com/artist/6iVo62B0bdTknRcrktCmak
4XpUIb8uuNlIWVKmgKZXC0,ZICO,"k-rap,k-pop",65,1922871,https://open.spotify.com/artist/4XpUIb8uuNlIWVKmgKZXC0
1khChLj7REGqjM043PlYyn,Xdinary Heroes,"k-rock,k-pop",64,1177842,https://open.spotify.com/artist/1khChLj7REGqjM043PlYyn
4pz4uzOMpJQyV8UTsDy4H8,ASTRO,k-pop,58,2196964,https://open.spotify.com/artist/4pz4uzOMpJQyV8UTsDy4H8
4XDi67ZENZcbfKnvMnTYsI,Jay Park,"k-rap,k-pop",66,2197009,https://open.spotify.com/artist/4XDi67ZENZcbfKnvMnTYsI
7AcV1lk8Zrgo1691PDWEle,Freshlyground,"afro soul,afropop,dubstep",63,80190,https://open.spotify.com/artist/7AcV1lk8Zrgo1691PDWEle
3qNVuliS40BLgXGxhdBdqu,TAEYEON,"k-pop,k-ballad",67,3070782,https://open.spotify.com/artist/3qNVuliS40BLgXGxhdBdqu
7cjg7EkeZy3OI5o9Qthc6n,ZEROBASEONE,k-pop,67,997572,https://open.spotify.com/artist/7cjg7EkeZy3OI5o9Qthc6n
2e4G04F77jxVuDYo44TCSm,Loco,"k-rap,k-pop",64,562336,https://open.spotify.com/artist/2e4G04F77jxVuDYo44TCSm
2hRQKC0gqlZGPrmUKbcchR,SHINee,k-pop,63,3232196,https://open.spotify.com/artist/2hRQKC0gqlZGPrmUKbcchR
6aLdhHUqgdKE86xbtNmY8g,Crush,"k-rap,k-pop,k-ballad",65,1309029,https://open.spotify.com/artist/6aLdhHUqgdKE86xbtNmY8g
6py8pOyrNT9t2unlMDnfU1,Lorna,Otros,39,6879,https://open.spotify.com/artist/6py8pOyrNT9t2unlMDnfU1
6JTCN21ovvrR3iPViZTXz4,HyunA&DAWN,k-pop,38,239223,https://open.spotify.com/artist/6JTCN21ovvrR3iPViZTXz4
0ODX6aegsZkBmBeMA5qqwi,Crayon Pop,k-pop,35,160601,https://open.spotify.com/artist/0ODX6aegsZkBmBeMA5qqwi
2GB76Lm833jVI5kLvKEB7Z,UKISS,k-pop,39,359570,https://open.spotify.com/artist/2GB76Lm833jVI5kLvKEB7Z
4xAgdnmi9y0S8evoKS2lVz,Lee Min Ho,Otros,36,170625,https://open.spotify.com/artist/4xAgdnmi9y0S8evoKS2lVz
0gdWU9IX6LIiuPvXh95pas,NU'EST W,k-pop,39,599343,https://open.spotify.com/artist/0gdWU9IX6LIiuPvXh95pas
3riGN5iBVBk5naQxUDr5fk,VAV,k-pop,36,774192,https://open.spotify.com/artist/3riGN5iBVBk5naQxUDr5fk
55tJwpPIz9BMrSLM45iEXX,9MUSES,k-pop,39,226041,https://open.spotify.com/artist/55tJwpPIz9BMrSLM45iEXX
4yNdRuMECm7sFnAOQ6MieS,SUPER JUNIOR-M,"k-pop,c-pop",38,226051,https://open.spotify.com/artist/4yNdRuMECm7sFnAOQ6MieS
2Pw8E6zZoeuksVWtyZPnzd,BOYFRIEND,k-pop,36,311464,https://open.spotify.com/artist/2Pw8E6zZoeuksVWtyZPnzd
1foL9hLC9M6U94dINtOYfb,Girls' Generation-Oh!GG,k-pop,38,279071,https://open.spotify.com/artist/1foL9hLC9M6U94dINtOYfb
5zShiwTHlygdfsXj6eavTu,Golden Child,k-pop,39,630769,https://open.spotify.com/artist/5zShiwTHlygdfsXj6eavTu
4rpOWirhzqN7NPgRX76l1k,JOOHONEY,"k-rap,k-pop",36,314694,https://open.spotify.com/artist/4rpOWirhzqN7NPgRX76l1k
5Kdp1Iq26eCz7XbPxOgt7F,SUPER JUNIOR-K.R.Y.,k-ballad,36,271856,https://open.spotify.com/artist/5Kdp1Iq26eCz7XbPxOgt7F
3TW9U1f93tpGBsEtCSf7JG,HELLOVENUS,k-pop,38,271700,https://open.spotify.com/artist/3TW9U1f93tpGBsEtCSf7JG
3qo507hAo0pjRj42AmioUv,MINSEO,"k-ballad,k-pop",39,116280,https://open.spotify.com/artist/3qo507hAo0pjRj42AmioUv
59dDRtMe8DILtibke8FWLK,MCND,k-pop,37,474781,https://open.spotify.com/artist/59dDRtMe8DILtibke8FWLK
63CIh5694oJLXgtyXkp92Z,Park Hyungsik,soundtrack,38,103236,https://open.spotify.com/artist/63CIh5694oJLXgtyXkp92Z
0fwfMuz3AmWRy2pyM5fDRo,RYEOWOOK,k-ballad,38,210273,https://open.spotify.com/artist/0fwfMuz3AmWRy2pyM5fDRo
1pXX6uuufA0Zrk4Ksuh4nv,Jus2,k-pop,37,365964,https://open.spotify.com/artist/1pXX6uuufA0Zrk4Ksuh4nv
5OFQZvle7HH55LvauNmUIi,Kim Tae Woo,k-ballad,38,90813,https://open.spotify.com/artist/5OFQZvle7HH55LvauNmUIi
4cJ99wTjC60pXcfyISL9fa,APRIL,k-pop,39,502941,https://open.spotify.com/artist/4cJ99wTjC60pXcfyISL9fa
6S3tOdgtc5qz16hwmMjEBN,LUCAS,k-pop,37,222041,https://open.spotify.com/artist/6S3tOdgtc5qz16hwmMjEBN
7e7pwSr2mLxAq1QbWkzghk,Kim Sung Jae,Otros,36,12896,https://open.spotify.com/artist/7e7pwSr2mLxAq1QbWkzghk
4tvbo17gXpYgSr8sTlkaby,Say Sue Me,"dream pop,jangle pop",36,48935,https://open.spotify.com/artist/4tvbo17gXpYgSr8sTlkaby
4QQgXkCYTt3BlENzhyNETg,"Earth, Wind & Fire",disco,76,4789809,https://open.spotify.com/artist/4QQgXkCYTt3BlENzhyNETg
1GxkXlMwML1oSg5eLPiAz3,Michael Bublé,christmas,75,6802311,https://open.spotify.com/artist/1GxkXlMwML1oSg5eLPiAz3
1Z8ODXyhEBi3WynYw0Rya6,De La Soul,"jazz rap,east coast hip hop",73,1093913,https://open.spotify.com/artist/1Z8ODXyhEBi3WynYw0Rya6
3cR4rhS2hBWqI7rJEBacvN,Leslie Odom Jr.,musicals,75,315686,https://open.spotify.com/artist/3cR4rhS2hBWqI7rJEBacvN
2Kx7MNY7cI1ENniW7vT30N,Norah Jones,Otros,74,3302290,https://open.spotify.com/artist/2Kx7MNY7cI1ENniW7vT30N
19eLuQmk9aCobbVDHc6eek,Louis Armstrong,"jazz,swing music,big band,vocal jazz,jazz blues",71,3130974,https://open.spotify.com/artist/19eLuQmk9aCobbVDHc6eek
3pO5VjZ4wOHCMBXOvbMISG,Antônio Carlos Jobim,"bossa nova,brazilian jazz,mpb,latin jazz",71,819760,https://open.spotify.com/artist/3pO5VjZ4wOHCMBXOvbMISG
2iDVt6mFbtbDEZG5ax0dTi,Tulus,"indonesian pop,indonesian indie",75,17978648,https://open.spotify.com/artist/2iDVt6mFbtbDEZG5ax0dTi
7G1GBhoKtEPnP86X2PvEYO,Nina Simone,"vocal jazz,jazz blues,soul,soul jazz,jazz,blues",70,3114294,https://open.spotify.com/artist/7G1GBhoKtEPnP86X2PvEYO
7nwUJBm0HE4ZxD3f5cy5ok,Aretha Franklin,"soul,motown,jazz blues",71,3658686,https://open.spotify.com/artist/7nwUJBm0HE4ZxD3f5cy5ok
0iOVhN3tnSvgDbcg25JoJb,Etta James,"soul,jazz blues,soul blues,blues,vocal jazz",70,1889252,https://open.spotify.com/artist/0iOVhN3tnSvgDbcg25JoJb
60df5JBRRPcnSpsIMxxwQm,Otis Redding,"soul,motown,soul blues",70,2438622,https://open.spotify.com/artist/60df5JBRRPcnSpsIMxxwQm
4W31XN2JH8mC54NkHdh04s,Sertab Erener,"turkish pop,t-pop,arabesk",71,2093156,https://open.spotify.com/artist/4W31XN2JH8mC54NkHdh04s
5BwMgvRwlq61SmknvsVIQj,Rubén Blades,"salsa,salsa romantica,latin jazz,merengue,son cubano",65,1786280,https://open.spotify.com/artist/5BwMgvRwlq61SmknvsVIQj
1eYhYunlNJlDoQhtYBvPsi,Ray Charles,"jazz blues,soul,soul blues,blues,vocal jazz",69,2506924,https://open.spotify.com/artist/1eYhYunlNJlDoQhtYBvPsi
7v4imS0moSyGdXyLgVTIV7,Nat King Cole,"christmas,adult standards,vocal jazz",69,2450802,https://open.spotify.com/artist/7v4imS0moSyGdXyLgVTIV7
36KsCCwgI0Dep97yVJWmkK,Monsieur Periné,"colombian pop,latin alternative,latin indie,guaracha,latin folk",61,633950,https://open.spotify.com/artist/36KsCCwgI0Dep97yVJWmkK
72VywtXEoONiBLNu3ibGI7,Silvana Estrada,"latin folk,mexican indie,latin indie",57,408481,https://open.spotify.com/artist/72VywtXEoONiBLNu3ibGI7
6GEykX11lQqp92UVOQQCC7,DJ Premier,east coast hip hop,66,309970,https://open.spotify.com/artist/6GEykX11lQqp92UVOQQCC7
3k3RY7kR8f0vp8Cq27P141,berlioz,"jazz house,jazz",68,755206,https://open.spotify.com/artist/3k3RY7kR8f0vp8Cq27P141
5V0MlUE1Bft0mbLlND7FJz,Ella Fitzgerald,"vocal jazz,jazz,swing music,jazz blues,big band,christmas",68,2650656,https://open.spotify.com/artist/5V0MlUE1Bft0mbLlND7FJz
49e4v89VmlDcFCMyDv9wQ9,Dean Martin,"christmas,adult standards,big band,swing music",69,1873939,https://open.spotify.com/artist/49e4v89VmlDcFCMyDv9wQ9
3yKoHgjtyenCOIRaD2Gghu,Cafe Music BGM channel,"jazz,bossa nova",69,272213,https://open.spotify.com/artist/3yKoHgjtyenCOIRaD2Gghu
6I3M904Y9IwgDjrQ9pANiB,Kenny G,"smooth jazz,christmas",66,1208166,https://open.spotify.com/artist/6I3M904Y9IwgDjrQ9pANiB
65c5si0ePAwkOCn4M35Ho7,Sérgio Mendes,"brazilian jazz,bossa nova,samba",63,244650,https://open.spotify.com/artist/65c5si0ePAwkOCn4M35Ho7
11kBu957KTYoAltZHDm8gW,Buena Vista Social Club,"son cubano,latin jazz,latin,bolero",66,1367441,https://open.spotify.com/artist/11kBu957KTYoAltZHDm8gW
0FMucZsEnCxs5pqBjHjIc8,Stan Getz,"bossa nova,jazz,brazilian jazz,cool jazz,latin jazz",67,506586,https://open.spotify.com/artist/0FMucZsEnCxs5pqBjHjIc8
2hGh5VOeeqimQFxqXvfCUf,John Coltrane,"jazz,hard bop,free jazz,bebop,cool jazz,jazz blues",67,1768504,https://open.spotify.com/artist/2hGh5VOeeqimQFxqXvfCUf
4N8BwYTEC6XqykGvXXlmfv,George Benson,"smooth jazz,jazz funk,soul jazz",67,900253,https://open.spotify.com/artist/4N8BwYTEC6XqykGvXXlmfv
2d5lQo9YQ1DkAsBKTRp7Iu,Karen Souza,"bossa nova,vocal jazz,lounge,jazz",62,205092,https://open.spotify.com/artist/2d5lQo9YQ1DkAsBKTRp7Iu
3Rq3YOF9YG9YfCWD4D56RZ,Nujabes,jazz rap,67,1361132,https://open.spotify.com/artist/3Rq3YOF9YG9YfCWD4D56RZ
09hVIj6vWgoCDtT03h8ZCa,A Tribe Called Quest,"jazz rap,east coast hip hop,hip hop",69,2317659,https://open.spotify.com/artist/09hVIj6vWgoCDtT03h8ZCa
0W498bDDNlJIrYMKXdpLHA,Roberta Flack,adult standards,66,1078452,https://open.spotify.com/artist/0W498bDDNlJIrYMKXdpLHA
1uiEZYehlNivdK3iQyAbye,Tom Misch,Otros,68,1320220,https://open.spotify.com/artist/1uiEZYehlNivdK3iQyAbye
65dGLGjkw3UbddUg2GKQoZ,BADBADNOTGOOD,Otros,65,841550,https://open.spotify.com/artist/65dGLGjkw3UbddUg2GKQoZ
3rxeQlsv0Sc2nyYaZ5W71T,Chet Baker,"jazz,cool jazz,vocal jazz",66,1270674,https://open.spotify.com/artist/3rxeQlsv0Sc2nyYaZ5W71T
188pkeHUWXnROe7lFVYRRa,Paté de Fuá,"bolero,latin folk",51,211767,https://open.spotify.com/artist/188pkeHUWXnROe7lFVYRRa
6hnWRPzGGKiapVX1UCdEAC,Sam Cooke,"motown,soul",68,1771134,https://open.spotify.com/artist/6hnWRPzGGKiapVX1UCdEAC
0rv0qNGmLKHK9u3TbkFPaA,Gentle Jazz Saxophone,cool jazz,11,85,https://open.spotify.com/artist/0rv0qNGmLKHK9u3TbkFPaA
78fGkSqH726lfIWGxSg6uX,Lollypop Lorry,"ska,rocksteady,mexican ska",36,28527,https://open.spotify.com/artist/78fGkSqH726lfIWGxSg6uX
7Ekf6XS5tD24ZZf6slGP1A,Andrea Básef,"bolero,latin jazz,big band,bossa nova",37,7120,https://open.spotify.com/artist/7Ekf6XS5tD24ZZf6slGP1A
5XFKOAxf3r9rhqWOnVVVDg,Luis Arcaraz Y Su Orquesta,"bolero,orchestra",36,8704,https://open.spotify.com/artist/5XFKOAxf3r9rhqWOnVVVDg
4o5ePOzgsCeFTqN6Ypiu0c,Big Band Jazz de México,"big band,bolero,latin jazz",34,21091,https://open.spotify.com/artist/4o5ePOzgsCeFTqN6Ypiu0c
5bRPdkLc8yyAsdgUmdCMwK,Ray Perez,"salsa,cumbia sonidera",36,17270,https://open.spotify.com/artist/5bRPdkLc8yyAsdgUmdCMwK
1Qa5p9ajnRIvq7bfsdtzqQ,Cachao,"latin jazz,son cubano,mambo,salsa",36,39998,https://open.spotify.com/artist/1Qa5p9ajnRIvq7bfsdtzqQ
4WT5TNNUvgRLjAiWce3K5z,digitalluc,"lo-fi beats,lo-fi,jazz beats",39,11416,https://open.spotify.com/artist/4WT5TNNUvgRLjAiWce3K5z
0ZjB2OpMQL3LKJyEdeIz7o,Lee Oskar,Otros,34,11627,https://open.spotify.com/artist/0ZjB2OpMQL3LKJyEdeIz7o
0ADVX4vKQN1saCsOdl67Fj,New York Ska-Jazz Ensemble,"ska,rocksteady,ska punk",37,65591,https://open.spotify.com/artist/0ADVX4vKQN1saCsOdl67Fj
3rHBApuFwaJy65f7vWQJLr,Andy Summers,"jazz fusion,art rock,progressive rock",38,23525,https://open.spotify.com/artist/3rHBApuFwaJy65f7vWQJLr
0TGsWvnbtExsbGUSWtXENE,Al Hirt,big band,38,27633,https://open.spotify.com/artist/0TGsWvnbtExsbGUSWtXENE
0OvRTd6sJc06xSW6ZkESFi,San Juan Project,"jazz funk,mexican indie",30,13954,https://open.spotify.com/artist/0OvRTd6sJc06xSW6ZkESFi
6FaSJ1FXpb5QxKu77LPiZr,Sergent Garcia,"spanish-language reggae,latin alternative",38,52688,https://open.spotify.com/artist/6FaSJ1FXpb5QxKu77LPiZr
30Mx3ZadPgGZTcs38FvYP8,Paquito D'Rivera,"latin jazz,big band,jazz,bolero",37,50839,https://open.spotify.com/artist/30Mx3ZadPgGZTcs38FvYP8
5SO25LddpaUxpjB6SEypKT,Rudy Rodriguez,Otros,32,12639,https://open.spotify.com/artist/5SO25LddpaUxpjB6SEypKT
5KxINF9FVTlXn05DJB6WBK,Amanda Tovalin,Otros,31,1363,https://open.spotify.com/artist/5KxINF9FVTlXn05DJB6WBK
04azg2bFlSz46nOe03VY2w,Sierra Maestra,"son cubano,latin jazz,salsa,timba",38,30479,https://open.spotify.com/artist/04azg2bFlSz46nOe03VY2w
1tT82V7pcfKEnvlVcu2i2D,Flora Pasquet,Otros,31,733,https://open.spotify.com/artist/1tT82V7pcfKEnvlVcu2i2D
2MQ4Kb9A8KkwQmK2LjaSw2,Jimmy Sabater,"salsa,cha cha cha,latin jazz,son cubano,mambo",38,61938,https://open.spotify.com/artist/2MQ4Kb9A8KkwQmK2LjaSw2
3RTLdhg8OTJebOdXZ1oQsz,Santos Colón,"bolero,latin jazz,salsa,mambo",35,12100,https://open.spotify.com/artist/3RTLdhg8OTJebOdXZ1oQsz
2J3JhWyBligu6VUHVlXN0n,Patty Ascher,"bossa nova,lounge",39,2959,https://open.spotify.com/artist/2J3JhWyBligu6VUHVlXN0n
3eX54towHuwK80Za9BKZ8l,Remo Anzovino,neoclassical,38,8706,https://open.spotify.com/artist/3eX54towHuwK80Za9BKZ8l
17YFYixTwkosluOZZJWhjb,Claude Bolling,"ragtime,french jazz,jazz",39,18946,https://open.spotify.com/artist/17YFYixTwkosluOZZJWhjb
7EXzlOmGLgyPnduF7UfFp4,Joe Quijano,"salsa,son cubano,bolero",36,21702,https://open.spotify.com/artist/7EXzlOmGLgyPnduF7UfFp4
7a0XAaPaK2aDSqa8p3QnC7,Beéle,"pop urbano,reggaeton",88,1527917,https://open.spotify.com/artist/7a0XAaPaK2aDSqa8p3QnC7
28gNT5KBp7IjEOQoevXf9N,Camilo,"colombian pop,pop urbano",83,20052522,https://open.spotify.com/artist/28gNT5KBp7IjEOQoevXf9N
6BV37tKh6pY97mnNdTCzly,El Malilla,"reggaeton mexa,reggaeton",75,1518016,https://open.spotify.com/artist/6BV37tKh6pY97mnNdTCzly
329e4yvIujISKGKz1BZZbO,Farruko,"reggaeton,trap latino",84,16554868,https://open.spotify.com/artist/329e4yvIujISKGKz1BZZbO
5H1nN1SzW0qNeUEZvuXjAj,Danny Ocean,reggaeton,82,6049742,https://open.spotify.com/artist/5H1nN1SzW0qNeUEZvuXjAj
3S9Hg7sRKhmtWunFZ2yAYP,El Bogueto,"reggaeton mexa,reggaeton",75,1116624,https://open.spotify.com/artist/3S9Hg7sRKhmtWunFZ2yAYP
1wZtkThiXbVNtj6hee6dz9,Wisin & Yandel,"reggaeton,urbano latino",82,8430003,https://open.spotify.com/artist/1wZtkThiXbVNtj6hee6dz9
6nVcHLIgY5pE2YCl8ubca1,JHAYCO,"reggaeton,trap latino,urbano latino",83,8683507,https://open.spotify.com/artist/6nVcHLIgY5pE2YCl8ubca1
3m5qlPf2OkihLz3dRYnkPA,Ovy On The Drums,reggaeton,85,1072960,https://open.spotify.com/artist/3m5qlPf2OkihLz3dRYnkPA
0vR2qb8m9WHeZ5ByCbimq2,Reik,latin pop,78,9465959,https://open.spotify.com/artist/0vR2qb8m9WHeZ5ByCbimq2
2jSGzJw0ebJLu7OLVSOcBP,Plan B,reggaeton,80,5865372,https://open.spotify.com/artist/2jSGzJw0ebJLu7OLVSOcBP
1yX62RHdYysNcIrO33WQxJ,Dani Flow,"reggaeton mexa,electro corridos,reggaeton",69,1806052,https://open.spotify.com/artist/1yX62RHdYysNcIrO33WQxJ
4TdMGChhzBYNXhADaEGUZX,Armenta,"electro corridos,corridos tumbados,corrido,corridos bélicos,reggaeton mexa,sad sierreño",69,99992,https://open.spotify.com/artist/4TdMGChhzBYNXhADaEGUZX
7lXN2zsTNeVB1MM7rIrWnI,LOOJAN,"reggaeton mexa,moombahton,neoperreo",67,25966,https://open.spotify.com/artist/7lXN2zsTNeVB1MM7rIrWnI
6bpv92ES2Vcv2OKA3DAhgw,Joaquin Medina,"electro corridos,corridos tumbados,corrido,corridos bélicos,reggaeton mexa",64,95635,https://open.spotify.com/artist/6bpv92ES2Vcv2OKA3DAhgw
7yiq52SDJKenHVST8xGCuF,Alu Mix,"reggaeton mexa,neoperreo,reggaeton",62,114137,https://open.spotify.com/artist/7yiq52SDJKenHVST8xGCuF
0BqURncJM5B1BBu7UM51eq,Guaynaa,reggaeton,67,920259,https://open.spotify.com/artist/0BqURncJM5B1BBu7UM51eq
2eobLT6bmdvl5yGG5qPAgd,Dj Rockwel Mx,"reggaeton mexa,reggaeton",60,30422,https://open.spotify.com/artist/2eobLT6bmdvl5yGG5qPAgd
4gaipGwvI72oJZVL2P0WJd,Nigga,reggaeton,63,677347,https://open.spotify.com/artist/4gaipGwvI72oJZVL2P0WJd
13VwGEitoK8J0qjNjbgeTN,Flex,reggaeton,64,319700,https://open.spotify.com/artist/13VwGEitoK8J0qjNjbgeTN
4z19QMyPVRwbd4Fs2LisBa,Darkiel,"reggaeton,urbano latino,trap latino",69,1349221,https://open.spotify.com/artist/4z19QMyPVRwbd4Fs2LisBa
11YLRSsZA3YVuQQtHXKTlz,Rafa Pabön,reggaeton,68,348653,https://open.spotify.com/artist/11YLRSsZA3YVuQQtHXKTlz
6HqgxkTt9KGyt27zYrwVan,Super Yei,reggaeton,66,550588,https://open.spotify.com/artist/6HqgxkTt9KGyt27zYrwVan
2TjgzYcbTdsZjbT9OItIeB,"Héctor ""El Father""",reggaeton,69,970601,https://open.spotify.com/artist/2TjgzYcbTdsZjbT9OItIeB
4HUY0hELnxz4RC6VvJzRyc,La Dinastia,reggaeton mexa,59,14913,https://open.spotify.com/artist/4HUY0hELnxz4RC6VvJzRyc
1GAymyGBvB4gQy5Z5LZ1Wj,Lalo Ebratt,reggaeton,65,1920203,https://open.spotify.com/artist/1GAymyGBvB4gQy5Z5LZ1Wj
128ftF9X7Kd7Di2fq3wYVs,Jamby El Favo,"trap latino,reggaeton",68,1846682,https://open.spotify.com/artist/128ftF9X7Kd7Di2fq3wYVs
0qTZZWLzuD59Un5r1speHm,Chris Jedi,"trap latino,reggaeton,urbano latino",69,2742280,https://open.spotify.com/artist/0qTZZWLzuD59Un5r1speHm
1jSjfSgDjedJdi5MoyRu78,Lary Over,"trap latino,trap,dembow,reggaeton",68,5457704,https://open.spotify.com/artist/1jSjfSgDjedJdi5MoyRu78
5DUlefCLzVRzNWaNURTFpK,Cali Y El Dandee,"colombian pop,pop urbano,reggaeton",69,4046029,https://open.spotify.com/artist/5DUlefCLzVRzNWaNURTFpK
0WI8OfWCRvK4nGHmKfFQmd,Alex Zurdo,"christian,christian hip hop,christian pop",68,2399145,https://open.spotify.com/artist/0WI8OfWCRvK4nGHmKfFQmd
7gR53ad9JjCweCv4f9MWEX,Eddy Lover,reggaeton,65,589650,https://open.spotify.com/artist/7gR53ad9JjCweCv4f9MWEX
01nUdqwuIHCHLZNP2TvYVF,Boy Wonder CF,"reggaeton,trap latino",67,124923,https://open.spotify.com/artist/01nUdqwuIHCHLZNP2TvYVF
1EJlMs9YAmWYkkZrQ01DK4,Alexito Mix,reggaeton mexa,39,14647,https://open.spotify.com/artist/1EJlMs9YAmWYkkZrQ01DK4
4FDok6VDIf3e0KFxaWXc4t,Cris Sour,reggaeton mexa,39,1875,https://open.spotify.com/artist/4FDok6VDIf3e0KFxaWXc4t
3aRfIDlreP9D5POnhqIJI1,Fano,reggaeton mexa,39,11994,https://open.spotify.com/artist/3aRfIDlreP9D5POnhqIJI1
5MjUTINTYTTZl5ijdu83lP,Prynce el Armamento,reggaeton mexa,37,4890,https://open.spotify.com/artist/5MjUTINTYTTZl5ijdu83lP
4F7aNmQtNzDhEDqpilDRrw,Typow,reggaeton mexa,38,7480,https://open.spotify.com/artist/4F7aNmQtNzDhEDqpilDRrw
5MzTbNyy68X6pjcq1zMzxB,DJ Tona,reggaeton mexa,36,27547,https://open.spotify.com/artist/5MzTbNyy68X6pjcq1zMzxB
4bhocj59UpsFMCoJXehnk0,Young Gang,reggaeton mexa,37,1804,https://open.spotify.com/artist/4bhocj59UpsFMCoJXehnk0
4tLNdBKmqrgKBjgcnKCdeP,Riko Mix,reggaeton mexa,36,8793,https://open.spotify.com/artist/4tLNdBKmqrgKBjgcnKCdeP
627KF7g5NPEI9yPHBVrRq1,DÍMELO CORI,reggaeton mexa,36,3304,https://open.spotify.com/artist/627KF7g5NPEI9yPHBVrRq1
2Tm2uw29i6VXLI2hcY4xpz,Dam Dam,"reggaeton mexa,neoperreo",34,18068,https://open.spotify.com/artist/2Tm2uw29i6VXLI2hcY4xpz
0CH20f2zSaGWyFnuJM9EsW,Kevin Santin,"electro corridos,reggaeton mexa,mexican hip hop",37,8218,https://open.spotify.com/artist/0CH20f2zSaGWyFnuJM9EsW
2RH2SlqVJ07lcpBb68bSxI,EDGAR MIX,"reggaeton mexa,cumbia sonidera",34,8092,https://open.spotify.com/artist/2RH2SlqVJ07lcpBb68bSxI
7bLFuuccJopbrVGDbD0zyf,Taylor Diaz,reggaeton mexa,34,37609,https://open.spotify.com/artist/7bLFuuccJopbrVGDbD0zyf
5059qZwA16CgTTFxWTF4Tl,Las Prez,reggaeton mexa,34,19582,https://open.spotify.com/artist/5059qZwA16CgTTFxWTF4Tl
0g5a7nTAbwPPMzJi4KvaYW,Dj Human Star,"reggaeton mexa,latin house",38,6082,https://open.spotify.com/artist/0g5a7nTAbwPPMzJi4KvaYW
64uKFTM2qQ8J49bWPydbJO,Poncho De Nigris,Otros,32,29181,https://open.spotify.com/artist/64uKFTM2qQ8J49bWPydbJO
1HjYewpu3sZfRg7cfZWD4i,Pepo Mix,reggaeton mexa,32,1750,https://open.spotify.com/artist/1HjYewpu3sZfRg7cfZWD4i
29RJ4i6n55uUI1537HYFUT,Elias Diaz,"mexican hip hop,reggaeton chileno",32,20051,https://open.spotify.com/artist/29RJ4i6n55uUI1537HYFUT
3TKS1JzWOLAnicuOCOyVlW,Nobeat,Otros,39,13048,https://open.spotify.com/artist/3TKS1JzWOLAnicuOCOyVlW
3qcl8ck0RTpenPbFmZa2p5,Genio La Musa,Otros,39,9820,https://open.spotify.com/artist/3qcl8ck0RTpenPbFmZa2p5
73Lhk4XucX7BDRL82Zngs5,Urba y Rome,Otros,38,19082,https://open.spotify.com/artist/73Lhk4XucX7BDRL82Zngs5
0D32yLpOpAgkcrGs4C14LO,Falsetto,"trap latino,reggaeton",34,7525,https://open.spotify.com/artist/0D32yLpOpAgkcrGs4C14LO
4ofHy9bcqR6gBvOBIvCyC0,Fernanda,latin r&b,30,11091,https://open.spotify.com/artist/4ofHy9bcqR6gBvOBIvCyC0
3VPnLoSCLadvDlAJOgjtAF,Jetson El Super,Otros,38,32586,https://open.spotify.com/artist/3VPnLoSCLadvDlAJOgjtAF
0PlTbBrPOOOmJzprmZ4cdM,Itzza Primera,"guaracha,bachata",37,65269,https://open.spotify.com/artist/0PlTbBrPOOOmJzprmZ4cdM
2uFUBdaVGtyMqckSeCl0Qj,Ludovico Einaudi,"neoclassical,classical",80,3800334,https://open.spotify.com/artist/2uFUBdaVGtyMqckSeCl0Qj
4NJhFmfw43RLBLjQvxDuRS,Wolfgang Amadeus Mozart,"classical,requiem,opera,classical piano,chamber music",77,5759821,https://open.spotify.com/artist/4NJhFmfw43RLBLjQvxDuRS
5aIqB5nVVvmFsvSdExz408,Johann Sebastian Bach,"classical,classical piano",79,4676359,https://open.spotify.com/artist/5aIqB5nVVvmFsvSdExz408
7y97mc3bZRFXzT2szRM4L4,Frédéric Chopin,"classical piano,classical",75,3484264,https://open.spotify.com/artist/7y97mc3bZRFXzT2szRM4L4
5yxyJsFanEAuwSM5kOuZKc,London Symphony Orchestra,"classical,orchestra,opera",76,332088,https://open.spotify.com/artist/5yxyJsFanEAuwSM5kOuZKc
2wOqMjp9TyABvtHdOSOTUS,Ludwig van Beethoven,"classical,classical piano,chamber music",74,5586929,https://open.spotify.com/artist/2wOqMjp9TyABvtHdOSOTUS
3EA9hVIzKfFiQI0Kikz2wo,Andrea Bocelli,opera,72,3067429,https://open.spotify.com/artist/3EA9hVIzKfFiQI0Kikz2wo
6uRJnvQ3f8whVnmeoecv5Z,Berliner Philharmoniker,"classical,orchestra,opera,requiem",74,245955,https://open.spotify.com/artist/6uRJnvQ3f8whVnmeoecv5Z
2QOIawHpSlOwXDvSqQ9YJR,Antonio Vivaldi,classical,72,2651548,https://open.spotify.com/artist/2QOIawHpSlOwXDvSqQ9YJR
3MKCzCnpzw3TjUYs2v7vDA,Pyotr Ilyich Tchaikovsky,classical,71,1481048,https://open.spotify.com/artist/3MKCzCnpzw3TjUYs2v7vDA
5zCaQxjl110XTrm4LQ1CxY,Herbert von Karajan,"classical,opera,orchestra,requiem",71,189083,https://open.spotify.com/artist/5zCaQxjl110XTrm4LQ1CxY
003f4bk13c6Q3gAUXv7dGJ,Wiener Philharmoniker,"classical,opera,orchestra,requiem",70,149920,https://open.spotify.com/artist/003f4bk13c6Q3gAUXv7dGJ
7nzSoJISlVJsn7O0yTeMOB,Joe Hisaishi,"japanese classical,anime",72,1399331,https://open.spotify.com/artist/7nzSoJISlVJsn7O0yTeMOB
1Uff91EOsvd99rtAupatMP,Claude Debussy,"classical piano,classical",70,1613594,https://open.spotify.com/artist/1Uff91EOsvd99rtAupatMP
4W3fa7tiXGVXl3KilbACqt,Gustavo Santaolalla,soundtrack,67,372745,https://open.spotify.com/artist/4W3fa7tiXGVXl3KilbACqt
77CaCn32H4mOMQA7UElzfF,Academy of St. Martin in the Fields,"classical,chamber music,orchestra",68,63935,https://open.spotify.com/artist/77CaCn32H4mOMQA7UElzfF
1k1AM2ESRQseVAj6rvBdtx,I Virtuosi Italiani,Otros,68,15167,https://open.spotify.com/artist/1k1AM2ESRQseVAj6rvBdtx
5wTAi7QkpP6kp8a54lmTOq,Johannes Brahms,"classical,classical piano,chamber music,orchestra",67,1045095,https://open.spotify.com/artist/5wTAi7QkpP6kp8a54lmTOq
1NJj3myMAUXcjv6hUmo9iF,Daniel Paterok,neoclassical,63,3504,https://open.spotify.com/artist/1NJj3myMAUXcjv6hUmo9iF
5Dl3HXZjG6ZOWT5cV375lk,Yo-Yo Ma,"classical,chamber music",67,634949,https://open.spotify.com/artist/5Dl3HXZjG6ZOWT5cV375lk
436sYg6CZhNefQJogaXeK0,Camille Saint-Saëns,classical,67,423390,https://open.spotify.com/artist/436sYg6CZhNefQJogaXeK0
0Y8KmFkKOgJybpVobn1onU,Luciano Pavarotti,"opera,classical,canzone napoletana",65,1051962,https://open.spotify.com/artist/0Y8KmFkKOgJybpVobn1onU
459INk8vcC0ebEef82WjIK,Erik Satie,"classical piano,classical",67,907696,https://open.spotify.com/artist/459INk8vcC0ebEef82WjIK
6NUhQz7eAEsZvjEHTKHux9,Sir Neville Marriner,"classical,orchestra",66,34012,https://open.spotify.com/artist/6NUhQz7eAEsZvjEHTKHux9
0fauHpmSHwodVYIjTqOGHz,Yiruma,neoclassical,67,1206997,https://open.spotify.com/artist/0fauHpmSHwodVYIjTqOGHz
0OcclcP5o8VKH2TRqSY2A7,Howard Shore,soundtrack,69,486900,https://open.spotify.com/artist/0OcclcP5o8VKH2TRqSY2A7
6HclTVD03WSY6GUpN16BkP,Claudio Abbado,"classical,opera,requiem,orchestra",67,60357,https://open.spotify.com/artist/6HclTVD03WSY6GUpN16BkP
1QL7yTHrdahRMpvNtn6rI2,George Frideric Handel,"classical,choral,opera",67,960462,https://open.spotify.com/artist/1QL7yTHrdahRMpvNtn6rI2
0Kekt6CKSo0m5mivKcoH51,Sergei Rachmaninoff,"classical,classical piano",66,801906,https://open.spotify.com/artist/0Kekt6CKSo0m5mivKcoH51
5M86PSFFaRNTKidvlgHDEE,Henry Smith,Otros,65,26433,https://open.spotify.com/artist/5M86PSFFaRNTKidvlgHDEE
1385hLNbrnbCJGokfH2ac2,Franz Liszt,"classical piano,classical",65,884100,https://open.spotify.com/artist/1385hLNbrnbCJGokfH2ac2
1YZhNFBxkEB5UKTgMDvot4,Lang Lang,"classical piano,classical",65,309597,https://open.spotify.com/artist/1YZhNFBxkEB5UKTgMDvot4
78sEozQOEJxzXegUuqRSgH,Daniel Barenboim,"classical,classical piano,opera,chamber music",64,144275,https://open.spotify.com/artist/78sEozQOEJxzXegUuqRSgH
1JOQXgYdQV2yfrhewqx96o,Giuseppe Verdi,"opera,classical",63,705142,https://open.spotify.com/artist/1JOQXgYdQV2yfrhewqx96o
6s1pCNXcbdtQJlsnM1hRIA,Dmitri Shostakovich,"classical,chamber music",63,505884,https://open.spotify.com/artist/6s1pCNXcbdtQJlsnM1hRIA
2p0UyoPfYfI76PCStuXfOP,Franz Schubert,"chamber music,classical,classical piano",64,1171003,https://open.spotify.com/artist/2p0UyoPfYfI76PCStuXfOP
4GQwgdcDQwqtcHICjUNndp,Sir Simon Rattle,"classical,orchestra",64,56470,https://open.spotify.com/artist/4GQwgdcDQwqtcHICjUNndp
0hIG9FXgjQxT8fKaYceFbA,Itzhak Perlman,"classical,chamber music",64,164836,https://open.spotify.com/artist/0hIG9FXgjQxT8fKaYceFbA
58R31AvN8JMHM7xkNpVLjX,Alexis Ffrench,neoclassical,65,182857,https://open.spotify.com/artist/58R31AvN8JMHM7xkNpVLjX
0EBAUupKBr30ZI8udhYJmC,David Campbell,chamber music,38,11283,https://open.spotify.com/artist/0EBAUupKBr30ZI8udhYJmC
7m2bBbwE0MGWXP9tbicqxq,Alexander Markovich,classical,37,926,https://open.spotify.com/artist/7m2bBbwE0MGWXP9tbicqxq
7LONzlNY7dQVQ7vDWrFULK,Evelyne Dubourg,"classical piano,classical",36,1266,https://open.spotify.com/artist/7LONzlNY7dQVQ7vDWrFULK
6NSIW1uEq8JZmxEkHMF17c,Anna Tomowa-Sintow,"requiem,opera,classical",37,1321,https://open.spotify.com/artist/6NSIW1uEq8JZmxEkHMF17c
7uuaFrkQb0ZGbCMRsBc5Kz,Neil Black,"chamber music,classical",33,1689,https://open.spotify.com/artist/7uuaFrkQb0ZGbCMRsBc5Kz
0YWKRTzA4kBceGwjywtMkh,Dark Moor,"power metal,symphonic metal,melodic metal,speed metal,gothic metal,folk metal,neoclassical,pirate metal",36,89925,https://open.spotify.com/artist/0YWKRTzA4kBceGwjywtMkh
6Yxfl63ymAk7MkN8TP10iT,Juan Diego Flórez,opera,38,57511,https://open.spotify.com/artist/6Yxfl63ymAk7MkN8TP10iT
6SyqLkNwRYl5nXTRpfodcG,Luca Turilli (Band),"power metal,symphonic metal,melodic metal,speed metal,folk metal",36,28584,https://open.spotify.com/artist/6SyqLkNwRYl5nXTRpfodcG
5duxfFAQVkDT9g261fKlMP,Sarah Chang,"classical,chamber music",39,23042,https://open.spotify.com/artist/5duxfFAQVkDT9g261fKlMP
4alZ73UZp90icEjdKjSIxw,At Vance,"power metal,neoclassical,melodic metal,speed metal,symphonic metal,progressive metal",39,58536,https://open.spotify.com/artist/4alZ73UZp90icEjdKjSIxw
1P2QbCWRfx3t99tZSUdL18,Cristina Ariagno,classical piano,37,986,https://open.spotify.com/artist/1P2QbCWRfx3t99tZSUdL18
1Tt4CRnh4VCWn6UymYP057,Jorge Federico Osorio,"classical piano,classical",39,1677,https://open.spotify.com/artist/1Tt4CRnh4VCWn6UymYP057
7j3etSXgd9ZLYIUW7KWnpd,Heavenly,"power metal,symphonic metal,melodic metal,speed metal",38,48628,https://open.spotify.com/artist/7j3etSXgd9ZLYIUW7KWnpd
3LcP8zEKaPiCG1s5MlMWJA,Jan Vogler,classical,39,10746,https://open.spotify.com/artist/3LcP8zEKaPiCG1s5MlMWJA
5i73wrEqNJz1NVaKxjPhuO,Si-Qing Lu,classical,36,1386,https://open.spotify.com/artist/5i73wrEqNJz1NVaKxjPhuO
4gQXRvD8CKSLIJR09WhrRK,Nora Shulman,classical,39,639,https://open.spotify.com/artist/4gQXRvD8CKSLIJR09WhrRK
69zER0tBs3f1AvOeAJSveN,Jeno Kevehazi,"chamber music,classical",39,276,https://open.spotify.com/artist/69zER0tBs3f1AvOeAJSveN
5P6p90HYfFxo4GTmHJjeNe,Dmitri Hvorostovsky,"opera,classical",38,25200,https://open.spotify.com/artist/5P6p90HYfFxo4GTmHJjeNe
6qq0PaNoOuhPsYtUtsxRQs,Tamara Anna Cislowska,Otros,39,1970,https://open.spotify.com/artist/6qq0PaNoOuhPsYtUtsxRQs
0ndw1tUehEV3tnnYUnqFw9,Piotr Anderszewski,"classical piano,classical",39,7489,https://open.spotify.com/artist/0ndw1tUehEV3tnnYUnqFw9
2QoJFCfERDHF3Pz4v1gLKp,José Pablo Moncayo,Otros,25,4025,https://open.spotify.com/artist/2QoJFCfERDHF3Pz4v1gLKp
6aMKh0D0j5K7z1ECYRHvJP,Jeremy Denk,"classical,classical piano",39,5775,https://open.spotify.com/artist/6aMKh0D0j5K7z1ECYRHvJP
7kOmn7bXQfCMkPzq3ATXa4,I Solisti Veneti,chamber music,39,1117,https://open.spotify.com/artist/7kOmn7bXQfCMkPzq3ATXa4
7BHg4t3c6rrf9g2puYeHP1,Kurt Rydl,"opera,classical",39,480,https://open.spotify.com/artist/7BHg4t3c6rrf9g2puYeHP1
56zD3vlVlbxtkfNPaznQoA,Vladimir Jurowski,"classical,orchestra",39,2456,https://open.spotify.com/artist/56zD3vlVlbxtkfNPaznQoA
